context,order,seed,file,sha256,parameters,tokenizer_sha256,corpus_sha256
128,ordered,1,context-128-ordered-seed-1.cbpc,05325ee5fd99af3de0bf76f8d8690ef06108106df8ba91300a2d9b49c35f2038,4326,ebcf64dd3088a68809d95f17c2839fec0430b381a80bc7ac428b3cb90f9c99cf,766f1df55b2b3befb8c55cf4bd7882f61ee900972a8ffd81b0f3679abb0495ee
128,ordered,7,context-128-ordered-seed-7.cbpc,b40fb71b1de85364b9fa6a6c08f363e216065cfe03cad1838a73e42c37c30bce,4326,ebcf64dd3088a68809d95f17c2839fec0430b381a80bc7ac428b3cb90f9c99cf,766f1df55b2b3befb8c55cf4bd7882f61ee900972a8ffd81b0f3679abb0495ee
128,ordered,42,context-128-ordered-seed-42.cbpc,02eead28762569a6f6e52462ae9d321491d424b090f2700e2a68fcf4c5c9a9fd,4326,ebcf64dd3088a68809d95f17c2839fec0430b381a80bc7ac428b3cb90f9c99cf,766f1df55b2b3befb8c55cf4bd7882f61ee900972a8ffd81b0f3679abb0495ee
128,shuffled,1,context-128-shuffled-seed-1.cbpc,22cb52a308e7ee7328073a037965e3aeb1bb3f7876fbf637395f6112c3db6fbb,4326,ebcf64dd3088a68809d95f17c2839fec0430b381a80bc7ac428b3cb90f9c99cf,766f1df55b2b3befb8c55cf4bd7882f61ee900972a8ffd81b0f3679abb0495ee
128,shuffled,7,context-128-shuffled-seed-7.cbpc,c5a087ccdf7f4ac71875191e56a4672ea9abae7123efaa9838611f67fd3aaf98,4326,ebcf64dd3088a68809d95f17c2839fec0430b381a80bc7ac428b3cb90f9c99cf,766f1df55b2b3befb8c55cf4bd7882f61ee900972a8ffd81b0f3679abb0495ee
128,shuffled,42,context-128-shuffled-seed-42.cbpc,458fab7fab48a2696e351eaa509f2cb6febb2624e6c4ef89952f2eb26a8ecb1a,4326,ebcf64dd3088a68809d95f17c2839fec0430b381a80bc7ac428b3cb90f9c99cf,766f1df55b2b3befb8c55cf4bd7882f61ee900972a8ffd81b0f3679abb0495ee
256,ordered,1,context-256-ordered-seed-1.cbpc,8205b4a39ed469323ce4780087ab9931989ec7145142368faa4fcfabc33bd816,5350,bd7603964c3c4ac69e038a15229cc022bf0f14baefc36f177cb54b960c9ae1eb,766f1df55b2b3befb8c55cf4bd7882f61ee900972a8ffd81b0f3679abb0495ee
256,ordered,7,context-256-ordered-seed-7.cbpc,1c8bebe3d26d936adca305f83e3902bfd538f6ac91bd68c2d557270aa2f8ea54,5350,bd7603964c3c4ac69e038a15229cc022bf0f14baefc36f177cb54b960c9ae1eb,766f1df55b2b3befb8c55cf4bd7882f61ee900972a8ffd81b0f3679abb0495ee
256,ordered,42,context-256-ordered-seed-42.cbpc,1f5fd27f3c3a9da1650af11cddf661ae4fa07f4d183b8dc263a0c530b4290eb5,5350,bd7603964c3c4ac69e038a15229cc022bf0f14baefc36f177cb54b960c9ae1eb,766f1df55b2b3befb8c55cf4bd7882f61ee900972a8ffd81b0f3679abb0495ee
256,shuffled,1,context-256-shuffled-seed-1.cbpc,936a79bbc6a8cad9c66b08ea1388af379c7824cb73a6a2eda76db35dbb371453,5350,bd7603964c3c4ac69e038a15229cc022bf0f14baefc36f177cb54b960c9ae1eb,766f1df55b2b3befb8c55cf4bd7882f61ee900972a8ffd81b0f3679abb0495ee
256,shuffled,7,context-256-shuffled-seed-7.cbpc,22134b36d5f717269c2bde25a89af3dcb1eac7f33c61f6787d22dc04c89f38af,5350,bd7603964c3c4ac69e038a15229cc022bf0f14baefc36f177cb54b960c9ae1eb,766f1df55b2b3befb8c55cf4bd7882f61ee900972a8ffd81b0f3679abb0495ee
256,shuffled,42,context-256-shuffled-seed-42.cbpc,55fe66397c20aa2164d6eb14a66d7cbcb80334d81fee4ab4b7d49c81b4de656f,5350,bd7603964c3c4ac69e038a15229cc022bf0f14baefc36f177cb54b960c9ae1eb,766f1df55b2b3befb8c55cf4bd7882f61ee900972a8ffd81b0f3679abb0495ee
