context,order,seed,split,source_sha256,target,prediction,p_compile,tokens,parameters
128,ordered,1,train,e363b81b84f03941d26fdc24419205d569dd6e8667b205ae3efb0ebb1f80048b,1,1,0.5628497,19,4326
128,ordered,1,train,a3a82cf7efa92a7c55a72ce0fb528f42cfd26f6f7959008a4eda889976e763bd,0,0,0.21135709,13,4326
128,ordered,1,train,fc47425d71dec19b7a8d8c0d25a764f8b28b03a1b985fa43cd49fecc949bc238,1,1,0.7522846,11,4326
128,ordered,1,train,979cc3f87462a8963987a41ecff32901db500e614dff833eef6136590bdd1cee,0,0,0.16971856,12,4326
128,ordered,1,train,dc2a50be9ca4175cc673b089b139daac03fd218c82c304e70e359fd46aa77dc5,1,1,0.6335616,8,4326
128,ordered,1,train,ae38bee5f69047fd2c6771d97fb72f501392f1b30d4b739f22771f0819c7f223,0,0,0.3837051,8,4326
128,ordered,1,train,3974219a727132bd7cff89b57f4f11e1dad0dbef0b8a8250b3ccadf281c2b5c7,1,1,0.6753982,11,4326
128,ordered,1,train,68445ada53f9213f57a7aca6080ef76798ca055c43d94502f62990be3b6305f6,0,0,0.27245024,11,4326
128,ordered,1,train,52eae5db632af495eccb762652cf24d5d9bd2246372079181b15372ccad63619,1,1,0.7167415,13,4326
128,ordered,1,train,704dc28b544889c5a2d7f4f9681b2f92b13348fd12cef4ba186c0420f838b260,0,0,0.10323313,14,4326
128,ordered,1,train,d4327c848f6f12172c7ab2c64d30bea39032fb97d9d8964d050f370e9647b678,1,1,0.69690955,14,4326
128,ordered,1,train,b3d05f10364771e5c92bfb0af6fcd6987c05a63961bef735f2e9b6770b8ced8b,0,0,0.22022305,12,4326
128,ordered,1,train,f8deb40e95d097c325c886aba59dae1f68cad997c69ec41aa2515c0e93d96a4a,1,1,0.64327425,17,4326
128,ordered,1,train,0070cee7128b9a528af65d38e93ed43550915948158ef747b021f1209e3e10be,0,0,0.20143913,20,4326
128,ordered,1,train,8a4cfd3c7ee183bb57d7c6e1547ec33ee5d42b0644aeb9e119666f36622bd783,1,1,0.69183207,11,4326
128,ordered,1,train,54ee6c5cbf3b7621eba795a9dca20c3697a2a770c7d8aee883766e82c52eb30c,0,0,0.23460536,13,4326
128,ordered,1,validation,271424b76eb101f0e763335a73359dbbc15749eeaf17b1da27d84a1b37bbcb0a,1,0,0.29931152,29,4326
128,ordered,1,validation,da386e195c52b9065009241aa7d88f448fe07b6f018c3bb42426d312ca2a745e,0,0,0.27039117,31,4326
128,ordered,1,validation,493c6ed6356cb5e5d74d1f3971aa739ea2f5d44b0684422d9a3b88fb78cc5df3,1,0,0.40648517,38,4326
128,ordered,1,validation,a1d1844cb1a54cda1db10f48337bf57e64b432c5906c527967fa75db2f22613f,0,0,0.38498783,57,4326
128,ordered,1,test,b0f366b7a2dc9f08241f6f0bec80049bec3bb37538930653a5214de29bfa4ce2,1,0,0.27964464,48,4326
128,ordered,1,test,8e9daa7bd74eb5ed825ce0f3b1d8fc77e51cc2c9a2e9fd39a00dc801f865cba4,0,0,0.26506224,36,4326
128,ordered,1,test,0d9d8863d6175259a35dcc8a36dae65efb397d14480b3cce119636ceda228287,1,0,0.28836402,34,4326
128,ordered,1,test,6b27c4eb255a1852a7cafc701b73f2c9cd840b6acf1110651ef7dd65704cde34,0,0,0.32409397,33,4326
128,ordered,7,train,e363b81b84f03941d26fdc24419205d569dd6e8667b205ae3efb0ebb1f80048b,1,1,0.6305299,19,4326
128,ordered,7,train,a3a82cf7efa92a7c55a72ce0fb528f42cfd26f6f7959008a4eda889976e763bd,0,0,0.24717884,13,4326
128,ordered,7,train,fc47425d71dec19b7a8d8c0d25a764f8b28b03a1b985fa43cd49fecc949bc238,1,1,0.7794466,11,4326
128,ordered,7,train,979cc3f87462a8963987a41ecff32901db500e614dff833eef6136590bdd1cee,0,0,0.20538335,12,4326
128,ordered,7,train,dc2a50be9ca4175cc673b089b139daac03fd218c82c304e70e359fd46aa77dc5,1,1,0.67345935,8,4326
128,ordered,7,train,ae38bee5f69047fd2c6771d97fb72f501392f1b30d4b739f22771f0819c7f223,0,0,0.40194422,8,4326
128,ordered,7,train,3974219a727132bd7cff89b57f4f11e1dad0dbef0b8a8250b3ccadf281c2b5c7,1,1,0.6980815,11,4326
128,ordered,7,train,68445ada53f9213f57a7aca6080ef76798ca055c43d94502f62990be3b6305f6,0,0,0.21763046,11,4326
128,ordered,7,train,52eae5db632af495eccb762652cf24d5d9bd2246372079181b15372ccad63619,1,1,0.7429987,13,4326
128,ordered,7,train,704dc28b544889c5a2d7f4f9681b2f92b13348fd12cef4ba186c0420f838b260,0,0,0.108384825,14,4326
128,ordered,7,train,d4327c848f6f12172c7ab2c64d30bea39032fb97d9d8964d050f370e9647b678,1,1,0.7761444,14,4326
128,ordered,7,train,b3d05f10364771e5c92bfb0af6fcd6987c05a63961bef735f2e9b6770b8ced8b,0,0,0.14936087,12,4326
128,ordered,7,train,f8deb40e95d097c325c886aba59dae1f68cad997c69ec41aa2515c0e93d96a4a,1,1,0.7410751,17,4326
128,ordered,7,train,0070cee7128b9a528af65d38e93ed43550915948158ef747b021f1209e3e10be,0,0,0.20472167,20,4326
128,ordered,7,train,8a4cfd3c7ee183bb57d7c6e1547ec33ee5d42b0644aeb9e119666f36622bd783,1,1,0.7274382,11,4326
128,ordered,7,train,54ee6c5cbf3b7621eba795a9dca20c3697a2a770c7d8aee883766e82c52eb30c,0,0,0.26625034,13,4326
128,ordered,7,validation,271424b76eb101f0e763335a73359dbbc15749eeaf17b1da27d84a1b37bbcb0a,1,0,0.32100403,29,4326
128,ordered,7,validation,da386e195c52b9065009241aa7d88f448fe07b6f018c3bb42426d312ca2a745e,0,0,0.3053223,31,4326
128,ordered,7,validation,493c6ed6356cb5e5d74d1f3971aa739ea2f5d44b0684422d9a3b88fb78cc5df3,1,0,0.34603396,38,4326
128,ordered,7,validation,a1d1844cb1a54cda1db10f48337bf57e64b432c5906c527967fa75db2f22613f,0,0,0.3272732,57,4326
128,ordered,7,test,b0f366b7a2dc9f08241f6f0bec80049bec3bb37538930653a5214de29bfa4ce2,1,0,0.33090043,48,4326
128,ordered,7,test,8e9daa7bd74eb5ed825ce0f3b1d8fc77e51cc2c9a2e9fd39a00dc801f865cba4,0,0,0.28616688,36,4326
128,ordered,7,test,0d9d8863d6175259a35dcc8a36dae65efb397d14480b3cce119636ceda228287,1,0,0.28778613,34,4326
128,ordered,7,test,6b27c4eb255a1852a7cafc701b73f2c9cd840b6acf1110651ef7dd65704cde34,0,0,0.35486093,33,4326
128,ordered,42,train,e363b81b84f03941d26fdc24419205d569dd6e8667b205ae3efb0ebb1f80048b,1,0,0.4870285,19,4326
128,ordered,42,train,a3a82cf7efa92a7c55a72ce0fb528f42cfd26f6f7959008a4eda889976e763bd,0,0,0.2411588,13,4326
128,ordered,42,train,fc47425d71dec19b7a8d8c0d25a764f8b28b03a1b985fa43cd49fecc949bc238,1,1,0.7539582,11,4326
128,ordered,42,train,979cc3f87462a8963987a41ecff32901db500e614dff833eef6136590bdd1cee,0,0,0.14135689,12,4326
128,ordered,42,train,dc2a50be9ca4175cc673b089b139daac03fd218c82c304e70e359fd46aa77dc5,1,1,0.6090001,8,4326
128,ordered,42,train,ae38bee5f69047fd2c6771d97fb72f501392f1b30d4b739f22771f0819c7f223,0,1,0.50878155,8,4326
128,ordered,42,train,3974219a727132bd7cff89b57f4f11e1dad0dbef0b8a8250b3ccadf281c2b5c7,1,1,0.6558408,11,4326
128,ordered,42,train,68445ada53f9213f57a7aca6080ef76798ca055c43d94502f62990be3b6305f6,0,0,0.30077258,11,4326
128,ordered,42,train,52eae5db632af495eccb762652cf24d5d9bd2246372079181b15372ccad63619,1,1,0.74355555,13,4326
128,ordered,42,train,704dc28b544889c5a2d7f4f9681b2f92b13348fd12cef4ba186c0420f838b260,0,0,0.06932165,14,4326
128,ordered,42,train,d4327c848f6f12172c7ab2c64d30bea39032fb97d9d8964d050f370e9647b678,1,1,0.67071074,14,4326
128,ordered,42,train,b3d05f10364771e5c92bfb0af6fcd6987c05a63961bef735f2e9b6770b8ced8b,0,0,0.23477434,12,4326
128,ordered,42,train,f8deb40e95d097c325c886aba59dae1f68cad997c69ec41aa2515c0e93d96a4a,1,1,0.7189185,17,4326
128,ordered,42,train,0070cee7128b9a528af65d38e93ed43550915948158ef747b021f1209e3e10be,0,0,0.18485934,20,4326
128,ordered,42,train,8a4cfd3c7ee183bb57d7c6e1547ec33ee5d42b0644aeb9e119666f36622bd783,1,1,0.72199845,11,4326
128,ordered,42,train,54ee6c5cbf3b7621eba795a9dca20c3697a2a770c7d8aee883766e82c52eb30c,0,0,0.1278601,13,4326
128,ordered,42,validation,271424b76eb101f0e763335a73359dbbc15749eeaf17b1da27d84a1b37bbcb0a,1,0,0.27044997,29,4326
128,ordered,42,validation,da386e195c52b9065009241aa7d88f448fe07b6f018c3bb42426d312ca2a745e,0,0,0.22829306,31,4326
128,ordered,42,validation,493c6ed6356cb5e5d74d1f3971aa739ea2f5d44b0684422d9a3b88fb78cc5df3,1,0,0.3111139,38,4326
128,ordered,42,validation,a1d1844cb1a54cda1db10f48337bf57e64b432c5906c527967fa75db2f22613f,0,0,0.26429698,57,4326
128,ordered,42,test,b0f366b7a2dc9f08241f6f0bec80049bec3bb37538930653a5214de29bfa4ce2,1,0,0.18410608,48,4326
128,ordered,42,test,8e9daa7bd74eb5ed825ce0f3b1d8fc77e51cc2c9a2e9fd39a00dc801f865cba4,0,0,0.16761775,36,4326
128,ordered,42,test,0d9d8863d6175259a35dcc8a36dae65efb397d14480b3cce119636ceda228287,1,0,0.2909784,34,4326
128,ordered,42,test,6b27c4eb255a1852a7cafc701b73f2c9cd840b6acf1110651ef7dd65704cde34,0,0,0.31932977,33,4326
128,shuffled,1,train,e363b81b84f03941d26fdc24419205d569dd6e8667b205ae3efb0ebb1f80048b,1,1,0.5529266,19,4326
128,shuffled,1,train,a3a82cf7efa92a7c55a72ce0fb528f42cfd26f6f7959008a4eda889976e763bd,0,0,0.25611466,13,4326
128,shuffled,1,train,fc47425d71dec19b7a8d8c0d25a764f8b28b03a1b985fa43cd49fecc949bc238,1,1,0.7144597,11,4326
128,shuffled,1,train,979cc3f87462a8963987a41ecff32901db500e614dff833eef6136590bdd1cee,0,0,0.2059326,12,4326
128,shuffled,1,train,dc2a50be9ca4175cc673b089b139daac03fd218c82c304e70e359fd46aa77dc5,1,1,0.61789507,8,4326
128,shuffled,1,train,ae38bee5f69047fd2c6771d97fb72f501392f1b30d4b739f22771f0819c7f223,0,0,0.4159787,8,4326
128,shuffled,1,train,3974219a727132bd7cff89b57f4f11e1dad0dbef0b8a8250b3ccadf281c2b5c7,1,1,0.62458754,11,4326
128,shuffled,1,train,68445ada53f9213f57a7aca6080ef76798ca055c43d94502f62990be3b6305f6,0,0,0.2838073,11,4326
128,shuffled,1,train,52eae5db632af495eccb762652cf24d5d9bd2246372079181b15372ccad63619,1,1,0.6765078,13,4326
128,shuffled,1,train,704dc28b544889c5a2d7f4f9681b2f92b13348fd12cef4ba186c0420f838b260,0,0,0.10542085,14,4326
128,shuffled,1,train,d4327c848f6f12172c7ab2c64d30bea39032fb97d9d8964d050f370e9647b678,1,1,0.65891725,14,4326
128,shuffled,1,train,b3d05f10364771e5c92bfb0af6fcd6987c05a63961bef735f2e9b6770b8ced8b,0,0,0.22636007,12,4326
128,shuffled,1,train,f8deb40e95d097c325c886aba59dae1f68cad997c69ec41aa2515c0e93d96a4a,1,1,0.6022842,17,4326
128,shuffled,1,train,0070cee7128b9a528af65d38e93ed43550915948158ef747b021f1209e3e10be,0,0,0.21201853,20,4326
128,shuffled,1,train,8a4cfd3c7ee183bb57d7c6e1547ec33ee5d42b0644aeb9e119666f36622bd783,1,1,0.65889764,11,4326
128,shuffled,1,train,54ee6c5cbf3b7621eba795a9dca20c3697a2a770c7d8aee883766e82c52eb30c,0,0,0.25570422,13,4326
128,shuffled,1,validation,271424b76eb101f0e763335a73359dbbc15749eeaf17b1da27d84a1b37bbcb0a,1,0,0.30577624,29,4326
128,shuffled,1,validation,da386e195c52b9065009241aa7d88f448fe07b6f018c3bb42426d312ca2a745e,0,0,0.28146023,31,4326
128,shuffled,1,validation,493c6ed6356cb5e5d74d1f3971aa739ea2f5d44b0684422d9a3b88fb78cc5df3,1,0,0.3735001,38,4326
128,shuffled,1,validation,a1d1844cb1a54cda1db10f48337bf57e64b432c5906c527967fa75db2f22613f,0,0,0.36685312,57,4326
128,shuffled,1,test,b0f366b7a2dc9f08241f6f0bec80049bec3bb37538930653a5214de29bfa4ce2,1,0,0.29070213,48,4326
128,shuffled,1,test,8e9daa7bd74eb5ed825ce0f3b1d8fc77e51cc2c9a2e9fd39a00dc801f865cba4,0,0,0.2733829,36,4326
128,shuffled,1,test,0d9d8863d6175259a35dcc8a36dae65efb397d14480b3cce119636ceda228287,1,0,0.2808456,34,4326
128,shuffled,1,test,6b27c4eb255a1852a7cafc701b73f2c9cd840b6acf1110651ef7dd65704cde34,0,0,0.31959563,33,4326
128,shuffled,7,train,e363b81b84f03941d26fdc24419205d569dd6e8667b205ae3efb0ebb1f80048b,1,1,0.61963505,19,4326
128,shuffled,7,train,a3a82cf7efa92a7c55a72ce0fb528f42cfd26f6f7959008a4eda889976e763bd,0,0,0.25957745,13,4326
128,shuffled,7,train,fc47425d71dec19b7a8d8c0d25a764f8b28b03a1b985fa43cd49fecc949bc238,1,1,0.76144534,11,4326
128,shuffled,7,train,979cc3f87462a8963987a41ecff32901db500e614dff833eef6136590bdd1cee,0,0,0.20651221,12,4326
128,shuffled,7,train,dc2a50be9ca4175cc673b089b139daac03fd218c82c304e70e359fd46aa77dc5,1,1,0.67348313,8,4326
128,shuffled,7,train,ae38bee5f69047fd2c6771d97fb72f501392f1b30d4b739f22771f0819c7f223,0,0,0.43721882,8,4326
128,shuffled,7,train,3974219a727132bd7cff89b57f4f11e1dad0dbef0b8a8250b3ccadf281c2b5c7,1,1,0.69366324,11,4326
128,shuffled,7,train,68445ada53f9213f57a7aca6080ef76798ca055c43d94502f62990be3b6305f6,0,0,0.23763575,11,4326
128,shuffled,7,train,52eae5db632af495eccb762652cf24d5d9bd2246372079181b15372ccad63619,1,1,0.7268361,13,4326
128,shuffled,7,train,704dc28b544889c5a2d7f4f9681b2f92b13348fd12cef4ba186c0420f838b260,0,0,0.11865256,14,4326
128,shuffled,7,train,d4327c848f6f12172c7ab2c64d30bea39032fb97d9d8964d050f370e9647b678,1,1,0.752154,14,4326
128,shuffled,7,train,b3d05f10364771e5c92bfb0af6fcd6987c05a63961bef735f2e9b6770b8ced8b,0,0,0.15496524,12,4326
128,shuffled,7,train,f8deb40e95d097c325c886aba59dae1f68cad997c69ec41aa2515c0e93d96a4a,1,1,0.7038755,17,4326
128,shuffled,7,train,0070cee7128b9a528af65d38e93ed43550915948158ef747b021f1209e3e10be,0,0,0.22561978,20,4326
128,shuffled,7,train,8a4cfd3c7ee183bb57d7c6e1547ec33ee5d42b0644aeb9e119666f36622bd783,1,1,0.7078713,11,4326
128,shuffled,7,train,54ee6c5cbf3b7621eba795a9dca20c3697a2a770c7d8aee883766e82c52eb30c,0,0,0.26355493,13,4326
128,shuffled,7,validation,271424b76eb101f0e763335a73359dbbc15749eeaf17b1da27d84a1b37bbcb0a,1,0,0.3106668,29,4326
128,shuffled,7,validation,da386e195c52b9065009241aa7d88f448fe07b6f018c3bb42426d312ca2a745e,0,0,0.30635533,31,4326
128,shuffled,7,validation,493c6ed6356cb5e5d74d1f3971aa739ea2f5d44b0684422d9a3b88fb78cc5df3,1,0,0.34916022,38,4326
128,shuffled,7,validation,a1d1844cb1a54cda1db10f48337bf57e64b432c5906c527967fa75db2f22613f,0,0,0.3337143,57,4326
128,shuffled,7,test,b0f366b7a2dc9f08241f6f0bec80049bec3bb37538930653a5214de29bfa4ce2,1,0,0.33246768,48,4326
128,shuffled,7,test,8e9daa7bd74eb5ed825ce0f3b1d8fc77e51cc2c9a2e9fd39a00dc801f865cba4,0,0,0.2872677,36,4326
128,shuffled,7,test,0d9d8863d6175259a35dcc8a36dae65efb397d14480b3cce119636ceda228287,1,0,0.28670418,34,4326
128,shuffled,7,test,6b27c4eb255a1852a7cafc701b73f2c9cd840b6acf1110651ef7dd65704cde34,0,0,0.35124323,33,4326
128,shuffled,42,train,e363b81b84f03941d26fdc24419205d569dd6e8667b205ae3efb0ebb1f80048b,1,0,0.45650083,19,4326
128,shuffled,42,train,a3a82cf7efa92a7c55a72ce0fb528f42cfd26f6f7959008a4eda889976e763bd,0,0,0.26243836,13,4326
128,shuffled,42,train,fc47425d71dec19b7a8d8c0d25a764f8b28b03a1b985fa43cd49fecc949bc238,1,1,0.6981656,11,4326
128,shuffled,42,train,979cc3f87462a8963987a41ecff32901db500e614dff833eef6136590bdd1cee,0,0,0.21442877,12,4326
128,shuffled,42,train,dc2a50be9ca4175cc673b089b139daac03fd218c82c304e70e359fd46aa77dc5,1,1,0.6392566,8,4326
128,shuffled,42,train,ae38bee5f69047fd2c6771d97fb72f501392f1b30d4b739f22771f0819c7f223,0,1,0.56594795,8,4326
128,shuffled,42,train,3974219a727132bd7cff89b57f4f11e1dad0dbef0b8a8250b3ccadf281c2b5c7,1,1,0.65607053,11,4326
128,shuffled,42,train,68445ada53f9213f57a7aca6080ef76798ca055c43d94502f62990be3b6305f6,0,0,0.33739844,11,4326
128,shuffled,42,train,52eae5db632af495eccb762652cf24d5d9bd2246372079181b15372ccad63619,1,1,0.7246579,13,4326
128,shuffled,42,train,704dc28b544889c5a2d7f4f9681b2f92b13348fd12cef4ba186c0420f838b260,0,0,0.076826334,14,4326
128,shuffled,42,train,d4327c848f6f12172c7ab2c64d30bea39032fb97d9d8964d050f370e9647b678,1,1,0.6338962,14,4326
128,shuffled,42,train,b3d05f10364771e5c92bfb0af6fcd6987c05a63961bef735f2e9b6770b8ced8b,0,0,0.2716986,12,4326
128,shuffled,42,train,f8deb40e95d097c325c886aba59dae1f68cad997c69ec41aa2515c0e93d96a4a,1,1,0.679901,17,4326
128,shuffled,42,train,0070cee7128b9a528af65d38e93ed43550915948158ef747b021f1209e3e10be,0,0,0.19698523,20,4326
128,shuffled,42,train,8a4cfd3c7ee183bb57d7c6e1547ec33ee5d42b0644aeb9e119666f36622bd783,1,1,0.6626389,11,4326
128,shuffled,42,train,54ee6c5cbf3b7621eba795a9dca20c3697a2a770c7d8aee883766e82c52eb30c,0,0,0.14801906,13,4326
128,shuffled,42,validation,271424b76eb101f0e763335a73359dbbc15749eeaf17b1da27d84a1b37bbcb0a,1,0,0.27262884,29,4326
128,shuffled,42,validation,da386e195c52b9065009241aa7d88f448fe07b6f018c3bb42426d312ca2a745e,0,0,0.24772504,31,4326
128,shuffled,42,validation,493c6ed6356cb5e5d74d1f3971aa739ea2f5d44b0684422d9a3b88fb78cc5df3,1,0,0.32111102,38,4326
128,shuffled,42,validation,a1d1844cb1a54cda1db10f48337bf57e64b432c5906c527967fa75db2f22613f,0,0,0.28194627,57,4326
128,shuffled,42,test,b0f366b7a2dc9f08241f6f0bec80049bec3bb37538930653a5214de29bfa4ce2,1,0,0.20497866,48,4326
128,shuffled,42,test,8e9daa7bd74eb5ed825ce0f3b1d8fc77e51cc2c9a2e9fd39a00dc801f865cba4,0,0,0.18548705,36,4326
128,shuffled,42,test,0d9d8863d6175259a35dcc8a36dae65efb397d14480b3cce119636ceda228287,1,0,0.28833386,34,4326
128,shuffled,42,test,6b27c4eb255a1852a7cafc701b73f2c9cd840b6acf1110651ef7dd65704cde34,0,0,0.30732217,33,4326
256,ordered,1,train,e363b81b84f03941d26fdc24419205d569dd6e8667b205ae3efb0ebb1f80048b,1,1,0.6491548,19,5350
256,ordered,1,train,a3a82cf7efa92a7c55a72ce0fb528f42cfd26f6f7959008a4eda889976e763bd,0,0,0.2708377,13,5350
256,ordered,1,train,fc47425d71dec19b7a8d8c0d25a764f8b28b03a1b985fa43cd49fecc949bc238,1,1,0.7741071,11,5350
256,ordered,1,train,979cc3f87462a8963987a41ecff32901db500e614dff833eef6136590bdd1cee,0,0,0.18796603,12,5350
256,ordered,1,train,dc2a50be9ca4175cc673b089b139daac03fd218c82c304e70e359fd46aa77dc5,1,1,0.5243497,8,5350
256,ordered,1,train,ae38bee5f69047fd2c6771d97fb72f501392f1b30d4b739f22771f0819c7f223,0,0,0.44588697,8,5350
256,ordered,1,train,3974219a727132bd7cff89b57f4f11e1dad0dbef0b8a8250b3ccadf281c2b5c7,1,1,0.7143684,11,5350
256,ordered,1,train,68445ada53f9213f57a7aca6080ef76798ca055c43d94502f62990be3b6305f6,0,0,0.33932376,11,5350
256,ordered,1,train,52eae5db632af495eccb762652cf24d5d9bd2246372079181b15372ccad63619,1,1,0.72902185,13,5350
256,ordered,1,train,704dc28b544889c5a2d7f4f9681b2f92b13348fd12cef4ba186c0420f838b260,0,0,0.111519575,14,5350
256,ordered,1,train,d4327c848f6f12172c7ab2c64d30bea39032fb97d9d8964d050f370e9647b678,1,1,0.753839,14,5350
256,ordered,1,train,b3d05f10364771e5c92bfb0af6fcd6987c05a63961bef735f2e9b6770b8ced8b,0,0,0.1415874,12,5350
256,ordered,1,train,f8deb40e95d097c325c886aba59dae1f68cad997c69ec41aa2515c0e93d96a4a,1,1,0.7688429,17,5350
256,ordered,1,train,0070cee7128b9a528af65d38e93ed43550915948158ef747b021f1209e3e10be,0,0,0.22984079,20,5350
256,ordered,1,train,8a4cfd3c7ee183bb57d7c6e1547ec33ee5d42b0644aeb9e119666f36622bd783,1,1,0.73419946,11,5350
256,ordered,1,train,54ee6c5cbf3b7621eba795a9dca20c3697a2a770c7d8aee883766e82c52eb30c,0,0,0.26126438,13,5350
256,ordered,1,validation,271424b76eb101f0e763335a73359dbbc15749eeaf17b1da27d84a1b37bbcb0a,1,1,0.5527864,29,5350
256,ordered,1,validation,da386e195c52b9065009241aa7d88f448fe07b6f018c3bb42426d312ca2a745e,0,1,0.53990054,31,5350
256,ordered,1,validation,493c6ed6356cb5e5d74d1f3971aa739ea2f5d44b0684422d9a3b88fb78cc5df3,1,1,0.5019921,38,5350
256,ordered,1,validation,a1d1844cb1a54cda1db10f48337bf57e64b432c5906c527967fa75db2f22613f,0,0,0.4525764,57,5350
256,ordered,1,test,b0f366b7a2dc9f08241f6f0bec80049bec3bb37538930653a5214de29bfa4ce2,1,1,0.51783335,48,5350
256,ordered,1,test,8e9daa7bd74eb5ed825ce0f3b1d8fc77e51cc2c9a2e9fd39a00dc801f865cba4,0,1,0.561196,36,5350
256,ordered,1,test,0d9d8863d6175259a35dcc8a36dae65efb397d14480b3cce119636ceda228287,1,1,0.527666,34,5350
256,ordered,1,test,6b27c4eb255a1852a7cafc701b73f2c9cd840b6acf1110651ef7dd65704cde34,0,0,0.48156703,33,5350
256,ordered,7,train,e363b81b84f03941d26fdc24419205d569dd6e8667b205ae3efb0ebb1f80048b,1,1,0.62769073,19,5350
256,ordered,7,train,a3a82cf7efa92a7c55a72ce0fb528f42cfd26f6f7959008a4eda889976e763bd,0,0,0.24018757,13,5350
256,ordered,7,train,fc47425d71dec19b7a8d8c0d25a764f8b28b03a1b985fa43cd49fecc949bc238,1,1,0.8558492,11,5350
256,ordered,7,train,979cc3f87462a8963987a41ecff32901db500e614dff833eef6136590bdd1cee,0,0,0.13397756,12,5350
256,ordered,7,train,dc2a50be9ca4175cc673b089b139daac03fd218c82c304e70e359fd46aa77dc5,1,1,0.74903816,8,5350
256,ordered,7,train,ae38bee5f69047fd2c6771d97fb72f501392f1b30d4b739f22771f0819c7f223,0,0,0.30038884,8,5350
256,ordered,7,train,3974219a727132bd7cff89b57f4f11e1dad0dbef0b8a8250b3ccadf281c2b5c7,1,1,0.7811812,11,5350
256,ordered,7,train,68445ada53f9213f57a7aca6080ef76798ca055c43d94502f62990be3b6305f6,0,0,0.1684625,11,5350
256,ordered,7,train,52eae5db632af495eccb762652cf24d5d9bd2246372079181b15372ccad63619,1,1,0.8746908,13,5350
256,ordered,7,train,704dc28b544889c5a2d7f4f9681b2f92b13348fd12cef4ba186c0420f838b260,0,0,0.034483884,14,5350
256,ordered,7,train,d4327c848f6f12172c7ab2c64d30bea39032fb97d9d8964d050f370e9647b678,1,1,0.80386984,14,5350
256,ordered,7,train,b3d05f10364771e5c92bfb0af6fcd6987c05a63961bef735f2e9b6770b8ced8b,0,0,0.15275158,12,5350
256,ordered,7,train,f8deb40e95d097c325c886aba59dae1f68cad997c69ec41aa2515c0e93d96a4a,1,1,0.81637126,17,5350
256,ordered,7,train,0070cee7128b9a528af65d38e93ed43550915948158ef747b021f1209e3e10be,0,0,0.13330482,20,5350
256,ordered,7,train,8a4cfd3c7ee183bb57d7c6e1547ec33ee5d42b0644aeb9e119666f36622bd783,1,1,0.7728046,11,5350
256,ordered,7,train,54ee6c5cbf3b7621eba795a9dca20c3697a2a770c7d8aee883766e82c52eb30c,0,0,0.13895525,13,5350
256,ordered,7,validation,271424b76eb101f0e763335a73359dbbc15749eeaf17b1da27d84a1b37bbcb0a,1,1,0.58185023,29,5350
256,ordered,7,validation,da386e195c52b9065009241aa7d88f448fe07b6f018c3bb42426d312ca2a745e,0,1,0.50350964,31,5350
256,ordered,7,validation,493c6ed6356cb5e5d74d1f3971aa739ea2f5d44b0684422d9a3b88fb78cc5df3,1,1,0.53185976,38,5350
256,ordered,7,validation,a1d1844cb1a54cda1db10f48337bf57e64b432c5906c527967fa75db2f22613f,0,0,0.48597565,57,5350
256,ordered,7,test,b0f366b7a2dc9f08241f6f0bec80049bec3bb37538930653a5214de29bfa4ce2,1,0,0.30291852,48,5350
256,ordered,7,test,8e9daa7bd74eb5ed825ce0f3b1d8fc77e51cc2c9a2e9fd39a00dc801f865cba4,0,0,0.28760445,36,5350
256,ordered,7,test,0d9d8863d6175259a35dcc8a36dae65efb397d14480b3cce119636ceda228287,1,0,0.43791503,34,5350
256,ordered,7,test,6b27c4eb255a1852a7cafc701b73f2c9cd840b6acf1110651ef7dd65704cde34,0,1,0.5219353,33,5350
256,ordered,42,train,e363b81b84f03941d26fdc24419205d569dd6e8667b205ae3efb0ebb1f80048b,1,1,0.6726146,19,5350
256,ordered,42,train,a3a82cf7efa92a7c55a72ce0fb528f42cfd26f6f7959008a4eda889976e763bd,0,0,0.14106692,13,5350
256,ordered,42,train,fc47425d71dec19b7a8d8c0d25a764f8b28b03a1b985fa43cd49fecc949bc238,1,1,0.8389348,11,5350
256,ordered,42,train,979cc3f87462a8963987a41ecff32901db500e614dff833eef6136590bdd1cee,0,0,0.15139982,12,5350
256,ordered,42,train,dc2a50be9ca4175cc673b089b139daac03fd218c82c304e70e359fd46aa77dc5,1,1,0.7873421,8,5350
256,ordered,42,train,ae38bee5f69047fd2c6771d97fb72f501392f1b30d4b739f22771f0819c7f223,0,0,0.22421956,8,5350
256,ordered,42,train,3974219a727132bd7cff89b57f4f11e1dad0dbef0b8a8250b3ccadf281c2b5c7,1,1,0.75899667,11,5350
256,ordered,42,train,68445ada53f9213f57a7aca6080ef76798ca055c43d94502f62990be3b6305f6,0,0,0.16118786,11,5350
256,ordered,42,train,52eae5db632af495eccb762652cf24d5d9bd2246372079181b15372ccad63619,1,1,0.8409428,13,5350
256,ordered,42,train,704dc28b544889c5a2d7f4f9681b2f92b13348fd12cef4ba186c0420f838b260,0,0,0.06650616,14,5350
256,ordered,42,train,d4327c848f6f12172c7ab2c64d30bea39032fb97d9d8964d050f370e9647b678,1,1,0.7304228,14,5350
256,ordered,42,train,b3d05f10364771e5c92bfb0af6fcd6987c05a63961bef735f2e9b6770b8ced8b,0,0,0.15667777,12,5350
256,ordered,42,train,f8deb40e95d097c325c886aba59dae1f68cad997c69ec41aa2515c0e93d96a4a,1,1,0.8490901,17,5350
256,ordered,42,train,0070cee7128b9a528af65d38e93ed43550915948158ef747b021f1209e3e10be,0,0,0.16939607,20,5350
256,ordered,42,train,8a4cfd3c7ee183bb57d7c6e1547ec33ee5d42b0644aeb9e119666f36622bd783,1,1,0.85764974,11,5350
256,ordered,42,train,54ee6c5cbf3b7621eba795a9dca20c3697a2a770c7d8aee883766e82c52eb30c,0,0,0.10503735,13,5350
256,ordered,42,validation,271424b76eb101f0e763335a73359dbbc15749eeaf17b1da27d84a1b37bbcb0a,1,0,0.30900627,29,5350
256,ordered,42,validation,da386e195c52b9065009241aa7d88f448fe07b6f018c3bb42426d312ca2a745e,0,0,0.25641665,31,5350
256,ordered,42,validation,493c6ed6356cb5e5d74d1f3971aa739ea2f5d44b0684422d9a3b88fb78cc5df3,1,1,0.55341005,38,5350
256,ordered,42,validation,a1d1844cb1a54cda1db10f48337bf57e64b432c5906c527967fa75db2f22613f,0,1,0.50700015,57,5350
256,ordered,42,test,b0f366b7a2dc9f08241f6f0bec80049bec3bb37538930653a5214de29bfa4ce2,1,0,0.21677671,48,5350
256,ordered,42,test,8e9daa7bd74eb5ed825ce0f3b1d8fc77e51cc2c9a2e9fd39a00dc801f865cba4,0,0,0.22952619,36,5350
256,ordered,42,test,0d9d8863d6175259a35dcc8a36dae65efb397d14480b3cce119636ceda228287,1,0,0.27898175,34,5350
256,ordered,42,test,6b27c4eb255a1852a7cafc701b73f2c9cd840b6acf1110651ef7dd65704cde34,0,0,0.34069204,33,5350
256,shuffled,1,train,e363b81b84f03941d26fdc24419205d569dd6e8667b205ae3efb0ebb1f80048b,1,1,0.654518,19,5350
256,shuffled,1,train,a3a82cf7efa92a7c55a72ce0fb528f42cfd26f6f7959008a4eda889976e763bd,0,0,0.28614247,13,5350
256,shuffled,1,train,fc47425d71dec19b7a8d8c0d25a764f8b28b03a1b985fa43cd49fecc949bc238,1,1,0.7705249,11,5350
256,shuffled,1,train,979cc3f87462a8963987a41ecff32901db500e614dff833eef6136590bdd1cee,0,0,0.20427668,12,5350
256,shuffled,1,train,dc2a50be9ca4175cc673b089b139daac03fd218c82c304e70e359fd46aa77dc5,1,1,0.51571393,8,5350
256,shuffled,1,train,ae38bee5f69047fd2c6771d97fb72f501392f1b30d4b739f22771f0819c7f223,0,0,0.4437982,8,5350
256,shuffled,1,train,3974219a727132bd7cff89b57f4f11e1dad0dbef0b8a8250b3ccadf281c2b5c7,1,1,0.6985135,11,5350
256,shuffled,1,train,68445ada53f9213f57a7aca6080ef76798ca055c43d94502f62990be3b6305f6,0,0,0.33717954,11,5350
256,shuffled,1,train,52eae5db632af495eccb762652cf24d5d9bd2246372079181b15372ccad63619,1,1,0.7032717,13,5350
256,shuffled,1,train,704dc28b544889c5a2d7f4f9681b2f92b13348fd12cef4ba186c0420f838b260,0,0,0.12025718,14,5350
256,shuffled,1,train,d4327c848f6f12172c7ab2c64d30bea39032fb97d9d8964d050f370e9647b678,1,1,0.73154265,14,5350
256,shuffled,1,train,b3d05f10364771e5c92bfb0af6fcd6987c05a63961bef735f2e9b6770b8ced8b,0,0,0.13829145,12,5350
256,shuffled,1,train,f8deb40e95d097c325c886aba59dae1f68cad997c69ec41aa2515c0e93d96a4a,1,1,0.76675016,17,5350
256,shuffled,1,train,0070cee7128b9a528af65d38e93ed43550915948158ef747b021f1209e3e10be,0,0,0.25887063,20,5350
256,shuffled,1,train,8a4cfd3c7ee183bb57d7c6e1547ec33ee5d42b0644aeb9e119666f36622bd783,1,1,0.7162279,11,5350
256,shuffled,1,train,54ee6c5cbf3b7621eba795a9dca20c3697a2a770c7d8aee883766e82c52eb30c,0,0,0.2570204,13,5350
256,shuffled,1,validation,271424b76eb101f0e763335a73359dbbc15749eeaf17b1da27d84a1b37bbcb0a,1,1,0.5382161,29,5350
256,shuffled,1,validation,da386e195c52b9065009241aa7d88f448fe07b6f018c3bb42426d312ca2a745e,0,1,0.53046423,31,5350
256,shuffled,1,validation,493c6ed6356cb5e5d74d1f3971aa739ea2f5d44b0684422d9a3b88fb78cc5df3,1,1,0.5115364,38,5350
256,shuffled,1,validation,a1d1844cb1a54cda1db10f48337bf57e64b432c5906c527967fa75db2f22613f,0,0,0.46322346,57,5350
256,shuffled,1,test,b0f366b7a2dc9f08241f6f0bec80049bec3bb37538930653a5214de29bfa4ce2,1,1,0.53342295,48,5350
256,shuffled,1,test,8e9daa7bd74eb5ed825ce0f3b1d8fc77e51cc2c9a2e9fd39a00dc801f865cba4,0,1,0.5823352,36,5350
256,shuffled,1,test,0d9d8863d6175259a35dcc8a36dae65efb397d14480b3cce119636ceda228287,1,1,0.5248564,34,5350
256,shuffled,1,test,6b27c4eb255a1852a7cafc701b73f2c9cd840b6acf1110651ef7dd65704cde34,0,0,0.47930172,33,5350
256,shuffled,7,train,e363b81b84f03941d26fdc24419205d569dd6e8667b205ae3efb0ebb1f80048b,1,1,0.6203808,19,5350
256,shuffled,7,train,a3a82cf7efa92a7c55a72ce0fb528f42cfd26f6f7959008a4eda889976e763bd,0,0,0.2737464,13,5350
256,shuffled,7,train,fc47425d71dec19b7a8d8c0d25a764f8b28b03a1b985fa43cd49fecc949bc238,1,1,0.8277147,11,5350
256,shuffled,7,train,979cc3f87462a8963987a41ecff32901db500e614dff833eef6136590bdd1cee,0,0,0.16154322,12,5350
256,shuffled,7,train,dc2a50be9ca4175cc673b089b139daac03fd218c82c304e70e359fd46aa77dc5,1,1,0.73603636,8,5350
256,shuffled,7,train,ae38bee5f69047fd2c6771d97fb72f501392f1b30d4b739f22771f0819c7f223,0,0,0.36853033,8,5350
256,shuffled,7,train,3974219a727132bd7cff89b57f4f11e1dad0dbef0b8a8250b3ccadf281c2b5c7,1,1,0.7526599,11,5350
256,shuffled,7,train,68445ada53f9213f57a7aca6080ef76798ca055c43d94502f62990be3b6305f6,0,0,0.20729448,11,5350
256,shuffled,7,train,52eae5db632af495eccb762652cf24d5d9bd2246372079181b15372ccad63619,1,1,0.8444322,13,5350
256,shuffled,7,train,704dc28b544889c5a2d7f4f9681b2f92b13348fd12cef4ba186c0420f838b260,0,0,0.0578481,14,5350
256,shuffled,7,train,d4327c848f6f12172c7ab2c64d30bea39032fb97d9d8964d050f370e9647b678,1,1,0.7825813,14,5350
256,shuffled,7,train,b3d05f10364771e5c92bfb0af6fcd6987c05a63961bef735f2e9b6770b8ced8b,0,0,0.18186472,12,5350
256,shuffled,7,train,f8deb40e95d097c325c886aba59dae1f68cad997c69ec41aa2515c0e93d96a4a,1,1,0.78135526,17,5350
256,shuffled,7,train,0070cee7128b9a528af65d38e93ed43550915948158ef747b021f1209e3e10be,0,0,0.18599245,20,5350
256,shuffled,7,train,8a4cfd3c7ee183bb57d7c6e1547ec33ee5d42b0644aeb9e119666f36622bd783,1,1,0.73187846,11,5350
256,shuffled,7,train,54ee6c5cbf3b7621eba795a9dca20c3697a2a770c7d8aee883766e82c52eb30c,0,0,0.17369117,13,5350
256,shuffled,7,validation,271424b76eb101f0e763335a73359dbbc15749eeaf17b1da27d84a1b37bbcb0a,1,1,0.5595371,29,5350
256,shuffled,7,validation,da386e195c52b9065009241aa7d88f448fe07b6f018c3bb42426d312ca2a745e,0,1,0.5080745,31,5350
256,shuffled,7,validation,493c6ed6356cb5e5d74d1f3971aa739ea2f5d44b0684422d9a3b88fb78cc5df3,1,1,0.5276614,38,5350
256,shuffled,7,validation,a1d1844cb1a54cda1db10f48337bf57e64b432c5906c527967fa75db2f22613f,0,0,0.4838691,57,5350
256,shuffled,7,test,b0f366b7a2dc9f08241f6f0bec80049bec3bb37538930653a5214de29bfa4ce2,1,0,0.32380694,48,5350
256,shuffled,7,test,8e9daa7bd74eb5ed825ce0f3b1d8fc77e51cc2c9a2e9fd39a00dc801f865cba4,0,0,0.32090703,36,5350
256,shuffled,7,test,0d9d8863d6175259a35dcc8a36dae65efb397d14480b3cce119636ceda228287,1,0,0.46232715,34,5350
256,shuffled,7,test,6b27c4eb255a1852a7cafc701b73f2c9cd840b6acf1110651ef7dd65704cde34,0,1,0.5283656,33,5350
256,shuffled,42,train,e363b81b84f03941d26fdc24419205d569dd6e8667b205ae3efb0ebb1f80048b,1,1,0.6536941,19,5350
256,shuffled,42,train,a3a82cf7efa92a7c55a72ce0fb528f42cfd26f6f7959008a4eda889976e763bd,0,0,0.16111012,13,5350
256,shuffled,42,train,fc47425d71dec19b7a8d8c0d25a764f8b28b03a1b985fa43cd49fecc949bc238,1,1,0.81461436,11,5350
256,shuffled,42,train,979cc3f87462a8963987a41ecff32901db500e614dff833eef6136590bdd1cee,0,0,0.16955934,12,5350
256,shuffled,42,train,dc2a50be9ca4175cc673b089b139daac03fd218c82c304e70e359fd46aa77dc5,1,1,0.7901376,8,5350
256,shuffled,42,train,ae38bee5f69047fd2c6771d97fb72f501392f1b30d4b739f22771f0819c7f223,0,0,0.2379817,8,5350
256,shuffled,42,train,3974219a727132bd7cff89b57f4f11e1dad0dbef0b8a8250b3ccadf281c2b5c7,1,1,0.73950726,11,5350
256,shuffled,42,train,68445ada53f9213f57a7aca6080ef76798ca055c43d94502f62990be3b6305f6,0,0,0.17018683,11,5350
256,shuffled,42,train,52eae5db632af495eccb762652cf24d5d9bd2246372079181b15372ccad63619,1,1,0.8317854,13,5350
256,shuffled,42,train,704dc28b544889c5a2d7f4f9681b2f92b13348fd12cef4ba186c0420f838b260,0,0,0.07294721,14,5350
256,shuffled,42,train,d4327c848f6f12172c7ab2c64d30bea39032fb97d9d8964d050f370e9647b678,1,1,0.731681,14,5350
256,shuffled,42,train,b3d05f10364771e5c92bfb0af6fcd6987c05a63961bef735f2e9b6770b8ced8b,0,0,0.16783138,12,5350
256,shuffled,42,train,f8deb40e95d097c325c886aba59dae1f68cad997c69ec41aa2515c0e93d96a4a,1,1,0.83736604,17,5350
256,shuffled,42,train,0070cee7128b9a528af65d38e93ed43550915948158ef747b021f1209e3e10be,0,0,0.15871301,20,5350
256,shuffled,42,train,8a4cfd3c7ee183bb57d7c6e1547ec33ee5d42b0644aeb9e119666f36622bd783,1,1,0.8426569,11,5350
256,shuffled,42,train,54ee6c5cbf3b7621eba795a9dca20c3697a2a770c7d8aee883766e82c52eb30c,0,0,0.11151394,13,5350
256,shuffled,42,validation,271424b76eb101f0e763335a73359dbbc15749eeaf17b1da27d84a1b37bbcb0a,1,0,0.31077886,29,5350
256,shuffled,42,validation,da386e195c52b9065009241aa7d88f448fe07b6f018c3bb42426d312ca2a745e,0,0,0.25947377,31,5350
256,shuffled,42,validation,493c6ed6356cb5e5d74d1f3971aa739ea2f5d44b0684422d9a3b88fb78cc5df3,1,1,0.5478296,38,5350
256,shuffled,42,validation,a1d1844cb1a54cda1db10f48337bf57e64b432c5906c527967fa75db2f22613f,0,0,0.495427,57,5350
256,shuffled,42,test,b0f366b7a2dc9f08241f6f0bec80049bec3bb37538930653a5214de29bfa4ce2,1,0,0.21635011,48,5350
256,shuffled,42,test,8e9daa7bd74eb5ed825ce0f3b1d8fc77e51cc2c9a2e9fd39a00dc801f865cba4,0,0,0.22875065,36,5350
256,shuffled,42,test,0d9d8863d6175259a35dcc8a36dae65efb397d14480b3cce119636ceda228287,1,0,0.28014466,34,5350
256,shuffled,42,test,6b27c4eb255a1852a7cafc701b73f2c9cd840b6acf1110651ef7dd65704cde34,0,0,0.32207102,33,5350
