seed,stage,split,family,target,prediction,p_compile
1,initial,train,move,1,0,0.48246327
1,initial,train,move,0,0,0.48268667
1,initial,train,borrow,1,0,0.47812122
1,initial,train,borrow,0,0,0.4795558
1,initial,train,lifetime,1,0,0.4830403
1,initial,train,lifetime,0,0,0.4794402
1,initial,train,send,1,0,0.4825677
1,initial,train,send,0,0,0.48121935
1,initial,train,sync,1,0,0.48230156
1,initial,train,sync,0,0,0.48255646
1,initial,train,sized,1,0,0.48031366
1,initial,train,sized,0,0,0.48172018
1,initial,train,associated,1,0,0.48431623
1,initial,train,associated,0,0,0.48323318
1,initial,train,const_generic,1,0,0.48178345
1,initial,train,const_generic,0,0,0.4811533
1,initial,validation,dyn_compatibility,1,0,0.48133504
1,initial,validation,dyn_compatibility,0,0,0.481766
1,initial,validation,pin_unpin,1,0,0.48137394
1,initial,validation,pin_unpin,0,0,0.4814447
1,initial,test,gat,1,0,0.47974667
1,initial,test,gat,0,0,0.47908723
1,initial,test,hrtb,1,0,0.47999468
1,initial,test,hrtb,0,0,0.47843286
1,trained,train,move,1,0,0.49704427
1,trained,train,move,0,0,0.45923597
1,trained,train,borrow,1,0,0.48793817
1,trained,train,borrow,0,0,0.47259197
1,trained,train,lifetime,1,1,0.5272929
1,trained,train,lifetime,0,0,0.44907916
1,trained,train,send,1,1,0.50468665
1,trained,train,send,0,0,0.45459902
1,trained,train,sync,1,1,0.5163536
1,trained,train,sync,0,0,0.46401855
1,trained,train,sized,1,1,0.5259622
1,trained,train,sized,0,0,0.44197965
1,trained,train,associated,1,1,0.5075646
1,trained,train,associated,0,0,0.45258826
1,trained,train,const_generic,1,0,0.48472553
1,trained,train,const_generic,0,0,0.46707106
1,trained,validation,dyn_compatibility,1,0,0.47079402
1,trained,validation,dyn_compatibility,0,0,0.48814768
1,trained,validation,pin_unpin,1,0,0.48496357
1,trained,validation,pin_unpin,0,0,0.48819885
1,trained,test,gat,1,0,0.4816234
1,trained,test,gat,0,0,0.46834874
1,trained,test,hrtb,1,0,0.47573176
1,trained,test,hrtb,0,0,0.47918734
7,initial,train,move,1,0,0.48647994
7,initial,train,move,0,0,0.48576516
7,initial,train,borrow,1,0,0.4875986
7,initial,train,borrow,0,0,0.48803404
7,initial,train,lifetime,1,0,0.4887091
7,initial,train,lifetime,0,0,0.48769584
7,initial,train,send,1,0,0.48762098
7,initial,train,send,0,0,0.48647538
7,initial,train,sync,1,0,0.488751
7,initial,train,sync,0,0,0.48860562
7,initial,train,sized,1,0,0.48660251
7,initial,train,sized,0,0,0.48623642
7,initial,train,associated,1,0,0.48955104
7,initial,train,associated,0,0,0.48830536
7,initial,train,const_generic,1,0,0.48827785
7,initial,train,const_generic,0,0,0.488306
7,initial,validation,dyn_compatibility,1,0,0.48786792
7,initial,validation,dyn_compatibility,0,0,0.48571038
7,initial,validation,pin_unpin,1,0,0.48615748
7,initial,validation,pin_unpin,0,0,0.48576772
7,initial,test,gat,1,0,0.48457912
7,initial,test,gat,0,0,0.48523462
7,initial,test,hrtb,1,0,0.48751596
7,initial,test,hrtb,0,0,0.4899733
7,trained,train,move,1,1,0.51141244
7,trained,train,move,0,0,0.46651438
7,trained,train,borrow,1,1,0.5149956
7,trained,train,borrow,0,0,0.48762864
7,trained,train,lifetime,1,1,0.5409304
7,trained,train,lifetime,0,0,0.45834726
7,trained,train,send,1,1,0.5065943
7,trained,train,send,0,0,0.45419946
7,trained,train,sync,1,1,0.50766003
7,trained,train,sync,0,0,0.45965117
7,trained,train,sized,1,1,0.52592975
7,trained,train,sized,0,0,0.452397
7,trained,train,associated,1,1,0.5066598
7,trained,train,associated,0,0,0.47662273
7,trained,train,const_generic,1,1,0.5075425
7,trained,train,const_generic,0,0,0.496306
7,trained,validation,dyn_compatibility,1,1,0.5011637
7,trained,validation,dyn_compatibility,0,0,0.4968076
7,trained,validation,pin_unpin,1,1,0.50358844
7,trained,validation,pin_unpin,0,0,0.49740872
7,trained,test,gat,1,0,0.48786825
7,trained,test,gat,0,0,0.46277744
7,trained,test,hrtb,1,0,0.48393595
7,trained,test,hrtb,0,1,0.50503916
42,initial,train,move,1,0,0.4818846
42,initial,train,move,0,0,0.48096898
42,initial,train,borrow,1,0,0.48537627
42,initial,train,borrow,0,0,0.4862913
42,initial,train,lifetime,1,0,0.4827054
42,initial,train,lifetime,0,0,0.48039994
42,initial,train,send,1,0,0.48293212
42,initial,train,send,0,0,0.48301128
42,initial,train,sync,1,0,0.4850368
42,initial,train,sync,0,0,0.481423
42,initial,train,sized,1,0,0.4842242
42,initial,train,sized,0,0,0.48229644
42,initial,train,associated,1,0,0.4810651
42,initial,train,associated,0,0,0.48297763
42,initial,train,const_generic,1,0,0.48088312
42,initial,train,const_generic,0,0,0.4819781
42,initial,validation,dyn_compatibility,1,0,0.48118678
42,initial,validation,dyn_compatibility,0,0,0.48103303
42,initial,validation,pin_unpin,1,0,0.48188224
42,initial,validation,pin_unpin,0,0,0.48000404
42,initial,test,gat,1,0,0.48126772
42,initial,test,gat,0,0,0.4805159
42,initial,test,hrtb,1,0,0.48541373
42,initial,test,hrtb,0,0,0.48684835
42,trained,train,move,1,0,0.4933543
42,trained,train,move,0,0,0.46295497
42,trained,train,borrow,1,0,0.4972972
42,trained,train,borrow,0,0,0.48815268
42,trained,train,lifetime,1,1,0.51075834
42,trained,train,lifetime,0,0,0.45279703
42,trained,train,send,1,1,0.50417095
42,trained,train,send,0,0,0.47804135
42,trained,train,sync,1,1,0.5142922
42,trained,train,sync,0,0,0.4678695
42,trained,train,sized,1,1,0.51079315
42,trained,train,sized,0,0,0.46374315
42,trained,train,associated,1,0,0.49793962
42,trained,train,associated,0,0,0.46628726
42,trained,train,const_generic,1,0,0.4803005
42,trained,train,const_generic,0,0,0.47493482
42,trained,validation,dyn_compatibility,1,0,0.4903302
42,trained,validation,dyn_compatibility,0,0,0.484444
42,trained,validation,pin_unpin,1,1,0.5028757
42,trained,validation,pin_unpin,0,0,0.49145982
42,trained,test,gat,1,0,0.4955235
42,trained,test,gat,0,0,0.47848874
42,trained,test,hrtb,1,0,0.48478782
42,trained,test,hrtb,0,0,0.48846507
