arm,seed,stage,split,family,target,prediction,p_compile,tokens,parameters
byte,1,initial,train,move,1,0,0.48246327,62,3326
byte,1,initial,train,move,0,0,0.48268667,54,3326
byte,1,initial,train,borrow,1,0,0.47812122,60,3326
byte,1,initial,train,borrow,0,0,0.4795558,60,3326
byte,1,initial,train,lifetime,1,0,0.4830403,33,3326
byte,1,initial,train,lifetime,0,0,0.4794402,30,3326
byte,1,initial,train,send,1,0,0.4825677,53,3326
byte,1,initial,train,send,0,0,0.48121935,50,3326
byte,1,initial,train,sync,1,0,0.48230156,55,3326
byte,1,initial,train,sync,0,0,0.48255646,54,3326
byte,1,initial,train,sized,1,0,0.48031366,44,3326
byte,1,initial,train,sized,0,0,0.48172018,43,3326
byte,1,initial,train,associated,1,0,0.48431623,54,3326
byte,1,initial,train,associated,0,0,0.48323318,55,3326
byte,1,initial,train,const_generic,1,0,0.48178345,42,3326
byte,1,initial,train,const_generic,0,0,0.4811533,42,3326
byte,1,initial,validation,dyn_compatibility,1,0,0.48133504,41,3326
byte,1,initial,validation,dyn_compatibility,0,0,0.481766,44,3326
byte,1,initial,validation,pin_unpin,1,0,0.48137394,69,3326
byte,1,initial,validation,pin_unpin,0,0,0.4814447,93,3326
byte,1,initial,test,gat,1,0,0.47974667,68,3326
byte,1,initial,test,gat,0,0,0.47908723,54,3326
byte,1,initial,test,hrtb,1,0,0.47999468,49,3326
byte,1,initial,test,hrtb,0,0,0.47843286,46,3326
byte,1,trained,train,move,1,0,0.49704427,62,3326
byte,1,trained,train,move,0,0,0.45923597,54,3326
byte,1,trained,train,borrow,1,0,0.48793817,60,3326
byte,1,trained,train,borrow,0,0,0.47259197,60,3326
byte,1,trained,train,lifetime,1,1,0.5272929,33,3326
byte,1,trained,train,lifetime,0,0,0.44907916,30,3326
byte,1,trained,train,send,1,1,0.50468665,53,3326
byte,1,trained,train,send,0,0,0.45459902,50,3326
byte,1,trained,train,sync,1,1,0.5163536,55,3326
byte,1,trained,train,sync,0,0,0.46401855,54,3326
byte,1,trained,train,sized,1,1,0.5259622,44,3326
byte,1,trained,train,sized,0,0,0.44197965,43,3326
byte,1,trained,train,associated,1,1,0.5075646,54,3326
byte,1,trained,train,associated,0,0,0.45258826,55,3326
byte,1,trained,train,const_generic,1,0,0.48472553,42,3326
byte,1,trained,train,const_generic,0,0,0.46707106,42,3326
byte,1,trained,validation,dyn_compatibility,1,0,0.47079402,41,3326
byte,1,trained,validation,dyn_compatibility,0,0,0.48814768,44,3326
byte,1,trained,validation,pin_unpin,1,0,0.48496357,69,3326
byte,1,trained,validation,pin_unpin,0,0,0.48819885,93,3326
byte,1,trained,test,gat,1,0,0.4816234,68,3326
byte,1,trained,test,gat,0,0,0.46834874,54,3326
byte,1,trained,test,hrtb,1,0,0.47573176,49,3326
byte,1,trained,test,hrtb,0,0,0.47918734,46,3326
byte,7,initial,train,move,1,0,0.48647994,62,3326
byte,7,initial,train,move,0,0,0.48576516,54,3326
byte,7,initial,train,borrow,1,0,0.4875986,60,3326
byte,7,initial,train,borrow,0,0,0.48803404,60,3326
byte,7,initial,train,lifetime,1,0,0.4887091,33,3326
byte,7,initial,train,lifetime,0,0,0.48769584,30,3326
byte,7,initial,train,send,1,0,0.48762098,53,3326
byte,7,initial,train,send,0,0,0.48647538,50,3326
byte,7,initial,train,sync,1,0,0.488751,55,3326
byte,7,initial,train,sync,0,0,0.48860562,54,3326
byte,7,initial,train,sized,1,0,0.48660251,44,3326
byte,7,initial,train,sized,0,0,0.48623642,43,3326
byte,7,initial,train,associated,1,0,0.48955104,54,3326
byte,7,initial,train,associated,0,0,0.48830536,55,3326
byte,7,initial,train,const_generic,1,0,0.48827785,42,3326
byte,7,initial,train,const_generic,0,0,0.488306,42,3326
byte,7,initial,validation,dyn_compatibility,1,0,0.48786792,41,3326
byte,7,initial,validation,dyn_compatibility,0,0,0.48571038,44,3326
byte,7,initial,validation,pin_unpin,1,0,0.48615748,69,3326
byte,7,initial,validation,pin_unpin,0,0,0.48576772,93,3326
byte,7,initial,test,gat,1,0,0.48457912,68,3326
byte,7,initial,test,gat,0,0,0.48523462,54,3326
byte,7,initial,test,hrtb,1,0,0.48751596,49,3326
byte,7,initial,test,hrtb,0,0,0.4899733,46,3326
byte,7,trained,train,move,1,1,0.51141244,62,3326
byte,7,trained,train,move,0,0,0.46651438,54,3326
byte,7,trained,train,borrow,1,1,0.5149956,60,3326
byte,7,trained,train,borrow,0,0,0.48762864,60,3326
byte,7,trained,train,lifetime,1,1,0.5409304,33,3326
byte,7,trained,train,lifetime,0,0,0.45834726,30,3326
byte,7,trained,train,send,1,1,0.5065943,53,3326
byte,7,trained,train,send,0,0,0.45419946,50,3326
byte,7,trained,train,sync,1,1,0.50766003,55,3326
byte,7,trained,train,sync,0,0,0.45965117,54,3326
byte,7,trained,train,sized,1,1,0.52592975,44,3326
byte,7,trained,train,sized,0,0,0.452397,43,3326
byte,7,trained,train,associated,1,1,0.5066598,54,3326
byte,7,trained,train,associated,0,0,0.47662273,55,3326
byte,7,trained,train,const_generic,1,1,0.5075425,42,3326
byte,7,trained,train,const_generic,0,0,0.496306,42,3326
byte,7,trained,validation,dyn_compatibility,1,1,0.5011637,41,3326
byte,7,trained,validation,dyn_compatibility,0,0,0.4968076,44,3326
byte,7,trained,validation,pin_unpin,1,1,0.50358844,69,3326
byte,7,trained,validation,pin_unpin,0,0,0.49740872,93,3326
byte,7,trained,test,gat,1,0,0.48786825,68,3326
byte,7,trained,test,gat,0,0,0.46277744,54,3326
byte,7,trained,test,hrtb,1,0,0.48393595,49,3326
byte,7,trained,test,hrtb,0,1,0.50503916,46,3326
byte,42,initial,train,move,1,0,0.4818846,62,3326
byte,42,initial,train,move,0,0,0.48096898,54,3326
byte,42,initial,train,borrow,1,0,0.48537627,60,3326
byte,42,initial,train,borrow,0,0,0.4862913,60,3326
byte,42,initial,train,lifetime,1,0,0.4827054,33,3326
byte,42,initial,train,lifetime,0,0,0.48039994,30,3326
byte,42,initial,train,send,1,0,0.48293212,53,3326
byte,42,initial,train,send,0,0,0.48301128,50,3326
byte,42,initial,train,sync,1,0,0.4850368,55,3326
byte,42,initial,train,sync,0,0,0.481423,54,3326
byte,42,initial,train,sized,1,0,0.4842242,44,3326
byte,42,initial,train,sized,0,0,0.48229644,43,3326
byte,42,initial,train,associated,1,0,0.4810651,54,3326
byte,42,initial,train,associated,0,0,0.48297763,55,3326
byte,42,initial,train,const_generic,1,0,0.48088312,42,3326
byte,42,initial,train,const_generic,0,0,0.4819781,42,3326
byte,42,initial,validation,dyn_compatibility,1,0,0.48118678,41,3326
byte,42,initial,validation,dyn_compatibility,0,0,0.48103303,44,3326
byte,42,initial,validation,pin_unpin,1,0,0.48188224,69,3326
byte,42,initial,validation,pin_unpin,0,0,0.48000404,93,3326
byte,42,initial,test,gat,1,0,0.48126772,68,3326
byte,42,initial,test,gat,0,0,0.4805159,54,3326
byte,42,initial,test,hrtb,1,0,0.48541373,49,3326
byte,42,initial,test,hrtb,0,0,0.48684835,46,3326
byte,42,trained,train,move,1,0,0.4933543,62,3326
byte,42,trained,train,move,0,0,0.46295497,54,3326
byte,42,trained,train,borrow,1,0,0.4972972,60,3326
byte,42,trained,train,borrow,0,0,0.48815268,60,3326
byte,42,trained,train,lifetime,1,1,0.51075834,33,3326
byte,42,trained,train,lifetime,0,0,0.45279703,30,3326
byte,42,trained,train,send,1,1,0.50417095,53,3326
byte,42,trained,train,send,0,0,0.47804135,50,3326
byte,42,trained,train,sync,1,1,0.5142922,55,3326
byte,42,trained,train,sync,0,0,0.4678695,54,3326
byte,42,trained,train,sized,1,1,0.51079315,44,3326
byte,42,trained,train,sized,0,0,0.46374315,43,3326
byte,42,trained,train,associated,1,0,0.49793962,54,3326
byte,42,trained,train,associated,0,0,0.46628726,55,3326
byte,42,trained,train,const_generic,1,0,0.4803005,42,3326
byte,42,trained,train,const_generic,0,0,0.47493482,42,3326
byte,42,trained,validation,dyn_compatibility,1,0,0.4903302,41,3326
byte,42,trained,validation,dyn_compatibility,0,0,0.484444,44,3326
byte,42,trained,validation,pin_unpin,1,1,0.5028757,69,3326
byte,42,trained,validation,pin_unpin,0,0,0.49145982,93,3326
byte,42,trained,test,gat,1,0,0.4955235,68,3326
byte,42,trained,test,gat,0,0,0.47848874,54,3326
byte,42,trained,test,hrtb,1,0,0.48478782,49,3326
byte,42,trained,test,hrtb,0,0,0.48846507,46,3326
bpe,1,initial,train,move,1,0,0.49095872,19,4326
bpe,1,initial,train,move,0,0,0.4917056,13,4326
bpe,1,initial,train,borrow,1,0,0.4976895,11,4326
bpe,1,initial,train,borrow,0,1,0.50176406,12,4326
bpe,1,initial,train,lifetime,1,0,0.4867055,8,4326
bpe,1,initial,train,lifetime,0,0,0.4864369,8,4326
bpe,1,initial,train,send,1,0,0.4869561,11,4326
bpe,1,initial,train,send,0,0,0.4914313,11,4326
bpe,1,initial,train,sync,1,0,0.49080637,13,4326
bpe,1,initial,train,sync,0,0,0.4966596,14,4326
bpe,1,initial,train,sized,1,0,0.48683324,14,4326
bpe,1,initial,train,sized,0,0,0.49579248,12,4326
bpe,1,initial,train,associated,1,0,0.47737464,17,4326
bpe,1,initial,train,associated,0,0,0.47786582,20,4326
bpe,1,initial,train,const_generic,1,0,0.49030963,11,4326
bpe,1,initial,train,const_generic,0,0,0.49097005,13,4326
bpe,1,initial,validation,dyn_compatibility,1,0,0.48296633,29,4326
bpe,1,initial,validation,dyn_compatibility,0,0,0.48254496,31,4326
bpe,1,initial,validation,pin_unpin,1,0,0.48877168,38,4326
bpe,1,initial,validation,pin_unpin,0,0,0.48606455,57,4326
bpe,1,initial,test,gat,1,0,0.48689649,48,4326
bpe,1,initial,test,gat,0,0,0.48622572,36,4326
bpe,1,initial,test,hrtb,1,0,0.4815969,34,4326
bpe,1,initial,test,hrtb,0,0,0.48531428,33,4326
bpe,1,trained,train,move,1,1,0.5628497,19,4326
bpe,1,trained,train,move,0,0,0.21135709,13,4326
bpe,1,trained,train,borrow,1,1,0.7522846,11,4326
bpe,1,trained,train,borrow,0,0,0.16971856,12,4326
bpe,1,trained,train,lifetime,1,1,0.6335616,8,4326
bpe,1,trained,train,lifetime,0,0,0.3837051,8,4326
bpe,1,trained,train,send,1,1,0.6753982,11,4326
bpe,1,trained,train,send,0,0,0.27245024,11,4326
bpe,1,trained,train,sync,1,1,0.7167415,13,4326
bpe,1,trained,train,sync,0,0,0.10323313,14,4326
bpe,1,trained,train,sized,1,1,0.69690955,14,4326
bpe,1,trained,train,sized,0,0,0.22022305,12,4326
bpe,1,trained,train,associated,1,1,0.64327425,17,4326
bpe,1,trained,train,associated,0,0,0.20143913,20,4326
bpe,1,trained,train,const_generic,1,1,0.69183207,11,4326
bpe,1,trained,train,const_generic,0,0,0.23460536,13,4326
bpe,1,trained,validation,dyn_compatibility,1,0,0.29931152,29,4326
bpe,1,trained,validation,dyn_compatibility,0,0,0.27039117,31,4326
bpe,1,trained,validation,pin_unpin,1,0,0.40648517,38,4326
bpe,1,trained,validation,pin_unpin,0,0,0.38498783,57,4326
bpe,1,trained,test,gat,1,0,0.27964464,48,4326
bpe,1,trained,test,gat,0,0,0.26506224,36,4326
bpe,1,trained,test,hrtb,1,0,0.28836402,34,4326
bpe,1,trained,test,hrtb,0,0,0.32409397,33,4326
bpe,7,initial,train,move,1,0,0.48117614,19,4326
bpe,7,initial,train,move,0,0,0.48402032,13,4326
bpe,7,initial,train,borrow,1,0,0.48620048,11,4326
bpe,7,initial,train,borrow,0,0,0.4880503,12,4326
bpe,7,initial,train,lifetime,1,0,0.48954225,8,4326
bpe,7,initial,train,lifetime,0,0,0.4896399,8,4326
bpe,7,initial,train,send,1,0,0.48457083,11,4326
bpe,7,initial,train,send,0,0,0.4854854,11,4326
bpe,7,initial,train,sync,1,0,0.483338,13,4326
bpe,7,initial,train,sync,0,0,0.48103577,14,4326
bpe,7,initial,train,sized,1,0,0.4864126,14,4326
bpe,7,initial,train,sized,0,0,0.4834991,12,4326
bpe,7,initial,train,associated,1,0,0.48637974,17,4326
bpe,7,initial,train,associated,0,0,0.483538,20,4326
bpe,7,initial,train,const_generic,1,0,0.48999617,11,4326
bpe,7,initial,train,const_generic,0,0,0.4907155,13,4326
bpe,7,initial,validation,dyn_compatibility,1,0,0.47784927,29,4326
bpe,7,initial,validation,dyn_compatibility,0,0,0.4778248,31,4326
bpe,7,initial,validation,pin_unpin,1,0,0.47893974,38,4326
bpe,7,initial,validation,pin_unpin,0,0,0.4801585,57,4326
bpe,7,initial,test,gat,1,0,0.48113889,48,4326
bpe,7,initial,test,gat,0,0,0.47928187,36,4326
bpe,7,initial,test,hrtb,1,0,0.47591662,34,4326
bpe,7,initial,test,hrtb,0,0,0.47976002,33,4326
bpe,7,trained,train,move,1,1,0.6305299,19,4326
bpe,7,trained,train,move,0,0,0.24717884,13,4326
bpe,7,trained,train,borrow,1,1,0.7794466,11,4326
bpe,7,trained,train,borrow,0,0,0.20538335,12,4326
bpe,7,trained,train,lifetime,1,1,0.67345935,8,4326
bpe,7,trained,train,lifetime,0,0,0.40194422,8,4326
bpe,7,trained,train,send,1,1,0.6980815,11,4326
bpe,7,trained,train,send,0,0,0.21763046,11,4326
bpe,7,trained,train,sync,1,1,0.7429987,13,4326
bpe,7,trained,train,sync,0,0,0.108384825,14,4326
bpe,7,trained,train,sized,1,1,0.7761444,14,4326
bpe,7,trained,train,sized,0,0,0.14936087,12,4326
bpe,7,trained,train,associated,1,1,0.7410751,17,4326
bpe,7,trained,train,associated,0,0,0.20472167,20,4326
bpe,7,trained,train,const_generic,1,1,0.7274382,11,4326
bpe,7,trained,train,const_generic,0,0,0.26625034,13,4326
bpe,7,trained,validation,dyn_compatibility,1,0,0.32100403,29,4326
bpe,7,trained,validation,dyn_compatibility,0,0,0.3053223,31,4326
bpe,7,trained,validation,pin_unpin,1,0,0.34603396,38,4326
bpe,7,trained,validation,pin_unpin,0,0,0.3272732,57,4326
bpe,7,trained,test,gat,1,0,0.33090043,48,4326
bpe,7,trained,test,gat,0,0,0.28616688,36,4326
bpe,7,trained,test,hrtb,1,0,0.28778613,34,4326
bpe,7,trained,test,hrtb,0,0,0.35486093,33,4326
bpe,42,initial,train,move,1,0,0.48533574,19,4326
bpe,42,initial,train,move,0,0,0.48614874,13,4326
bpe,42,initial,train,borrow,1,0,0.48562437,11,4326
bpe,42,initial,train,borrow,0,0,0.48649305,12,4326
bpe,42,initial,train,lifetime,1,0,0.49773455,8,4326
bpe,42,initial,train,lifetime,0,0,0.4974741,8,4326
bpe,42,initial,train,send,1,0,0.48685065,11,4326
bpe,42,initial,train,send,0,0,0.48918512,11,4326
bpe,42,initial,train,sync,1,0,0.48523816,13,4326
bpe,42,initial,train,sync,0,0,0.4881607,14,4326
bpe,42,initial,train,sized,1,0,0.48640496,14,4326
bpe,42,initial,train,sized,0,0,0.4866067,12,4326
bpe,42,initial,train,associated,1,0,0.48663056,17,4326
bpe,42,initial,train,associated,0,0,0.48830035,20,4326
bpe,42,initial,train,const_generic,1,0,0.49272263,11,4326
bpe,42,initial,train,const_generic,0,0,0.48835748,13,4326
bpe,42,initial,validation,dyn_compatibility,1,0,0.48104846,29,4326
bpe,42,initial,validation,dyn_compatibility,0,0,0.4826067,31,4326
bpe,42,initial,validation,pin_unpin,1,0,0.48461714,38,4326
bpe,42,initial,validation,pin_unpin,0,0,0.48313734,57,4326
bpe,42,initial,test,gat,1,0,0.48369932,48,4326
bpe,42,initial,test,gat,0,0,0.48331612,36,4326
bpe,42,initial,test,hrtb,1,0,0.4841048,34,4326
bpe,42,initial,test,hrtb,0,0,0.4819131,33,4326
bpe,42,trained,train,move,1,0,0.4870285,19,4326
bpe,42,trained,train,move,0,0,0.2411588,13,4326
bpe,42,trained,train,borrow,1,1,0.7539582,11,4326
bpe,42,trained,train,borrow,0,0,0.14135689,12,4326
bpe,42,trained,train,lifetime,1,1,0.6090001,8,4326
bpe,42,trained,train,lifetime,0,1,0.50878155,8,4326
bpe,42,trained,train,send,1,1,0.6558408,11,4326
bpe,42,trained,train,send,0,0,0.30077258,11,4326
bpe,42,trained,train,sync,1,1,0.74355555,13,4326
bpe,42,trained,train,sync,0,0,0.06932165,14,4326
bpe,42,trained,train,sized,1,1,0.67071074,14,4326
bpe,42,trained,train,sized,0,0,0.23477434,12,4326
bpe,42,trained,train,associated,1,1,0.7189185,17,4326
bpe,42,trained,train,associated,0,0,0.18485934,20,4326
bpe,42,trained,train,const_generic,1,1,0.72199845,11,4326
bpe,42,trained,train,const_generic,0,0,0.1278601,13,4326
bpe,42,trained,validation,dyn_compatibility,1,0,0.27044997,29,4326
bpe,42,trained,validation,dyn_compatibility,0,0,0.22829306,31,4326
bpe,42,trained,validation,pin_unpin,1,0,0.3111139,38,4326
bpe,42,trained,validation,pin_unpin,0,0,0.26429698,57,4326
bpe,42,trained,test,gat,1,0,0.18410608,48,4326
bpe,42,trained,test,gat,0,0,0.16761775,36,4326
bpe,42,trained,test,hrtb,1,0,0.2909784,34,4326
bpe,42,trained,test,hrtb,0,0,0.31932977,33,4326
