arm,seed,file,sha256,parameters,tokenizer_sha256,corpus_sha256
full,1,full-seed-1.cbpc,064ffe9e1e937909cfe6277f307db5fa214d8fa2762d3bb67438267297b5b469,7398,b20b74ab27990f1f4689d01d7e2bf2cf1f2976618bb0bd9918d768906b4ceb56,9d7ed2ef18a30f760696dff926c1c2a2684446d12905c9a205018b6a95f50376
full,7,full-seed-7.cbpc,65032e57d87c6b5f8455bb398352c9544c6840dde32f320c56201b7340748071,7398,b20b74ab27990f1f4689d01d7e2bf2cf1f2976618bb0bd9918d768906b4ceb56,9d7ed2ef18a30f760696dff926c1c2a2684446d12905c9a205018b6a95f50376
full,42,full-seed-42.cbpc,c29ec25262b692906c269b99ad1bbc5e273187c6f82caf25a0d4d0c61fde5579,7398,b20b74ab27990f1f4689d01d7e2bf2cf1f2976618bb0bd9918d768906b4ceb56,9d7ed2ef18a30f760696dff926c1c2a2684446d12905c9a205018b6a95f50376
byte_mix,1,byte_mix-seed-1.cbpc,5577a8de3cea833bd7165a806ec10be4b671f6200607748a2d52330d92ee82b3,7398,b20b74ab27990f1f4689d01d7e2bf2cf1f2976618bb0bd9918d768906b4ceb56,9d7ed2ef18a30f760696dff926c1c2a2684446d12905c9a205018b6a95f50376
byte_mix,7,byte_mix-seed-7.cbpc,aeda7ecc31cd7f10e11b5369552440f0a7c610004c3aa8a4cbba31ff09fb8aec,7398,b20b74ab27990f1f4689d01d7e2bf2cf1f2976618bb0bd9918d768906b4ceb56,9d7ed2ef18a30f760696dff926c1c2a2684446d12905c9a205018b6a95f50376
byte_mix,42,byte_mix-seed-42.cbpc,0fdb9320c94d01f2cd324f789ca3b05ab61902db1175843f74637af6dd21967e,7398,b20b74ab27990f1f4689d01d7e2bf2cf1f2976618bb0bd9918d768906b4ceb56,9d7ed2ef18a30f760696dff926c1c2a2684446d12905c9a205018b6a95f50376
half_mix,1,half_mix-seed-1.cbpc,a36042b05cbd5d1fd0912e6f094512f98af21d3bebd304ce03d6ae1910694fad,7398,b20b74ab27990f1f4689d01d7e2bf2cf1f2976618bb0bd9918d768906b4ceb56,9d7ed2ef18a30f760696dff926c1c2a2684446d12905c9a205018b6a95f50376
half_mix,7,half_mix-seed-7.cbpc,5535567b136e577aeb54dd1c80470ea126845b28a699007d8aba30245f75f4bb,7398,b20b74ab27990f1f4689d01d7e2bf2cf1f2976618bb0bd9918d768906b4ceb56,9d7ed2ef18a30f760696dff926c1c2a2684446d12905c9a205018b6a95f50376
half_mix,42,half_mix-seed-42.cbpc,41984db627ee7074db1d87bf719fd569e7d8feaddb930e1c2b9f47839465e5aa,7398,b20b74ab27990f1f4689d01d7e2bf2cf1f2976618bb0bd9918d768906b4ceb56,9d7ed2ef18a30f760696dff926c1c2a2684446d12905c9a205018b6a95f50376
cycle_mix,1,cycle_mix-seed-1.cbpc,48a977f5ea3f248c8f75b98b4d19afed62cb5ebd954bb081b37f1936ef62cf84,7398,b20b74ab27990f1f4689d01d7e2bf2cf1f2976618bb0bd9918d768906b4ceb56,9d7ed2ef18a30f760696dff926c1c2a2684446d12905c9a205018b6a95f50376
cycle_mix,7,cycle_mix-seed-7.cbpc,f810314a1f3d059815b4c4e95ca674ef651eb49abe05724296bbd0725d06bed0,7398,b20b74ab27990f1f4689d01d7e2bf2cf1f2976618bb0bd9918d768906b4ceb56,9d7ed2ef18a30f760696dff926c1c2a2684446d12905c9a205018b6a95f50376
cycle_mix,42,cycle_mix-seed-42.cbpc,d54dd9daff240e46b50ea0e62fe4131d578dae1d64b0ec50d6867956291db28e,7398,b20b74ab27990f1f4689d01d7e2bf2cf1f2976618bb0bd9918d768906b4ceb56,9d7ed2ef18a30f760696dff926c1c2a2684446d12905c9a205018b6a95f50376
