arm,seed,split,emitted_tokens,unseen_in_train_occurrences,train_active_ids
full,1,train,2207,0,161
full,1,validation,703,18,161
full,1,test,893,10,161
full,7,train,2207,0,161
full,7,validation,703,18,161
full,7,test,893,10,161
full,42,train,2207,0,161
full,42,validation,703,18,161
full,42,test,893,10,161
byte_mix,1,train,2207,0,167
byte_mix,1,validation,703,18,167
byte_mix,1,test,893,8,167
byte_mix,7,train,2207,0,167
byte_mix,7,validation,703,18,167
byte_mix,7,test,893,8,167
byte_mix,42,train,2207,0,167
byte_mix,42,validation,703,18,167
byte_mix,42,test,893,8,167
half_mix,1,train,2207,0,166
half_mix,1,validation,703,18,166
half_mix,1,test,893,8,166
half_mix,7,train,2207,0,166
half_mix,7,validation,703,18,166
half_mix,7,test,893,8,166
half_mix,42,train,2207,0,166
half_mix,42,validation,703,18,166
half_mix,42,test,893,8,166
cycle_mix,1,train,2207,0,170
cycle_mix,1,validation,703,18,170
cycle_mix,1,test,893,8,170
cycle_mix,7,train,2207,0,170
cycle_mix,7,validation,703,18,170
cycle_mix,7,test,893,8,170
cycle_mix,42,train,2207,0,170
cycle_mix,42,validation,703,18,170
cycle_mix,42,test,893,8,170
