arm,seed,split,source_sha256,target,prediction,p_compile,tokens
full,1,train,f4347fb695d94ea0253989399ce476367abccd98738a82b5b76612fcb8167fda,1,1,0.9219801,32
full,1,train,1d742c8784075044b3901763ced4045d1dd86dae391209656600561f6e29e965,0,0,0.07744919,26
full,1,train,75934239e9397decb2cc43a1084996db53fd4cbd9492a5abcda29a82ba0a07dd,1,1,0.7413565,55
full,1,train,d4536222113d266a23554a56288c67adeb2edad46c25a95fb658dd68f6a2246f,0,1,0.53840595,54
full,1,train,fbd519826fb7170730f11eac6c2b2168bce8fb7e1a4e2c21b4a531280ce65f35,1,1,0.9389675,30
full,1,train,8a0e95294c7c5898549ba8159c829a7ecb07bb12d6cadcbddbadf15680a88624,0,0,0.034357436,26
full,1,train,60c08ec8acbad96f0bd8998dae9b402fc2c9faef32fe34f26b45dc466b052701,1,1,0.8831723,33
full,1,train,163e47290bd2d9877ae5da27c1ccc9d438f3d783597bd87db2feaa768bd8d24f,0,0,0.32032007,33
full,1,train,b6c8376907636eebcab91651be9c77b846d18fb4b4a0bc4a464eb0952c9274af,1,1,0.83873683,45
full,1,train,9852f3157f0e4ae276d6526e12af972ae87f5efc3bf42c848dc782e28846f31b,0,0,0.2707287,39
full,1,train,0172d7c7873b54e773029b819212d560d13e7f2408f4a9041d0f8a48366d4768,1,1,0.95048034,44
full,1,train,5651172fc1f8a295c8e401f60df735bde15d10e89cb6f6fac9245b60ace9319e,0,0,0.18910335,36
full,1,train,8bc59effc6bf9c3dd44258d31f647caf6b4c2b08b4cb0424c9c7bf9a8aa85bb6,1,1,0.9009996,28
full,1,train,537d9670ebc3dd09020db7ac42be1a45b6fa676e1a1bf59a24328ce9b08ad3fc,0,0,0.15680876,30
full,1,train,7366582184863d6cbcfc2a5a94eb1653f0ec1ed395a8af1250b989c50ff02ac1,1,1,0.88660556,29
full,1,train,7bfa979ed249aaf1ddfbf50c587171ac91836bb0ecc640952329904e5c3cb9c0,0,0,0.061925713,23
full,1,train,005ddb81517ee30d14f50e0463f3922186d3d7fae0939a8da412d1a40c2ff6c8,1,1,0.89602244,17
full,1,train,d1d8abc08a808cbe9d9619a75a7803bf0354846b8a199eb2eee7fc7c1b846e73,0,0,0.27496624,17
full,1,train,ddd858689d5c3c8fce6e2db6dd8eb2300475c4e7bef3a55c899822636ba40175,1,1,0.96034294,30
full,1,train,2b8e7c17c88381adf337267af44539f2ce662f897a523adcb48dba29aaa8f51a,0,0,0.13794047,29
full,1,train,0932d23466fb63f4722f8b8f5c8bb81a01fc2882b0048d6ed347de1ecdd480cf,1,1,0.86603963,22
full,1,train,dd593bc3322fd23a0edd72f297e4f096629b01e90398b5069e56413ca89a2d34,0,0,0.366533,22
full,1,train,59a4d6a69c871efed805d08996b5cc6aabea0f0020a377144460bdbf7300766a,1,1,0.89661014,26
full,1,train,fd97d0c7a359ff8cccdc83c8dea3233eb606f24ee18fdad6fa7190e1e3bbc486,0,0,0.3166518,26
full,1,train,c316150be37c454d6ef23c4b08435562f11e46135e0865c1daf657df5c971dd8,1,1,0.8802577,35
full,1,train,3538b116a7607a5c54a7ab77293165acef88044ca5689e8f7dbee052e877e03d,0,0,0.38309664,35
full,1,train,b6ab9f8173ae2d679e3f29faa74e502cd32dfcd4efc6ccc78cd89918f6716113,1,1,0.8681232,52
full,1,train,ba5e94851ca7338fbc43954286995e681d1ba481fc2594a6ac2c82eee86727e0,0,0,0.42285946,51
full,1,train,32ac918ba95b48d257f29c5fb0389476a13ea09f1dda424a3a783d478ebd2733,1,1,0.9557055,45
full,1,train,6eacc5a3eafaf2a021a4fb44463bcd3b25f9da8e8ef0852faf753b4448e8d981,0,0,0.09905659,32
full,1,train,c4e721231341466e48995d6d4292956a7817d62dbb69579954d0408839596c88,1,1,0.94748324,39
full,1,train,6650121000da6e40afa40e642e9c103a80ac6edebcc0a3bd44b462ee5df8d679,0,0,0.3577308,40
full,1,train,9f3801527e7405af9854a282370e49c4eaecf2bcf9442dadacd2ede197af5c7c,1,1,0.9802915,32
full,1,train,bb3aa751b9f05ff6bdd3f083e452f3b3ebc8b87d48579713044ceb353fb12286,0,0,0.1534085,26
full,1,train,267a1cc2d0155fd688d41fd4352be7c3c7bbe72bd2b797e54e08eb07e3b3fe18,1,1,0.8870373,48
full,1,train,164a9dcf53d2a85dc827543cbb1e13f93cd65a78332c2b6979d604fac4eace17,0,0,0.17398046,46
full,1,train,7722ba6a728fd1f249057199e28592231117789e2e7d8e6d8e77d855f8ad202e,1,1,0.98981583,63
full,1,train,fe9645997b650216d3feffa8e5384ac04b37263d9f87589d17689a99000d6d7b,0,0,0.16275881,56
full,1,train,1f2af845c72fc3d745538eb17e2532cd11f73d6ebc5db663949e76b9496ccac7,1,1,0.89447904,43
full,1,train,2f7b4843a03779904fa1ca275420dd974522933230b4db8d5fac0fddbadf4fc4,0,0,0.33321965,44
full,1,train,3f9fd1fb67f870f6c39cdcbb94031d673fb1428ddcfc2cf3047c068794cc5cc1,1,1,0.9619028,39
full,1,train,fc85621b056b4f07e2fc39f3d471efca34565c091194e04a10d304eaef9515da,0,0,0.091619045,31
full,1,train,5b429c8b15791a850251da919b09f3ac1c50b7d7dbaabe828aa012abf3ed5cd2,1,1,0.94478256,66
full,1,train,a91b67bf7a7a2470cf162700ecafdd7e00fb7ed6503cd6e98f0daba95257c0b1,0,0,0.1724397,56
full,1,train,5d3fb4a5524e47e9eadf3e9edf2a0133b04ba889b7895ba1fe130eaddaefae3c,1,1,0.63998264,65
full,1,train,b6fd2162258e2c26804223b0b107000a865656c145f30c010a6ccc300425c2a8,0,1,0.6021163,65
full,1,train,9fcd8b9de2954597fc5e02c7e6fcd19cad48cc8d4c972f8fbfb817bff7143773,1,1,0.9369996,54
full,1,train,cba6ea48e444e21c602c562d076e25c77d757f3cf2b4320ad86b3b3e4fc0ab55,0,0,0.10777043,37
full,1,train,74d34cd22c85e7bb47dfb958c2115e037079d5853291ef4e48ca3a983a9f5f8c,1,1,0.9788002,16
full,1,train,175a50046a9380f3d199e51a4cdcf943895f03cb69e234604b1b3e4d2894840c,0,0,0.11465355,25
full,1,train,e53a1f71d85dd49e02b0655fcab7e71cb460b01eb83ffed7d865b65518693675,1,1,0.9798078,16
full,1,train,fae42c28d66fd43ec5603999aac0491d5da306625e116c0dcf7448bd7397ed79,0,0,0.12283784,35
full,1,train,a3842cc2ffd1024f067e1501aab60eeb3d0bf457552740e734276101d293dfbb,1,1,0.95661485,64
full,1,train,9f2a2c257e190c437d0d7c71bf104bccac61d6dd6775ec63cae1ace8ea9fa991,0,0,0.16516565,54
full,1,train,1f86c2c308afb22b0493c05160f657eba85f402c0470cee1eb48329dbd67ed1f,1,1,0.98376966,21
full,1,train,32107fe522f76d3483afce63d22a99d80345df928338758c65114013cfa1a5f0,0,0,0.06832425,22
full,1,train,5be186c72f49aacee062741c8b89fbf7a402a4fc7f478476a25b9764aee60092,1,1,0.9904385,18
full,1,train,6d4e0ce896baadcff54c54bce199ba74f5762b2ef1422d7303ddc74554288f0f,0,0,0.09081857,16
full,1,train,5c7ce1ad485f8b52c12426de71ab2c1e47d12c45923a33cc2c35a7b1b327e1ed,1,1,0.9598409,27
full,1,train,bb9615cde1dcd7905391c8832fd69463a576e27be10765f64f6cf29fe3f9372f,0,0,0.079669915,21
full,1,train,923242418681e6fe8788ed5a6f236379e830eb6a06bd1113a32fb4b0cfadf36a,1,1,0.94486046,27
full,1,train,cc1089067945a5b0503d4562a789fd14178fd2c1b4c9db1d477b62df6e1888a7,0,0,0.11688818,34
full,1,train,5826794b236b02a3e1e75da1a6c2bae607a2c8d2919666c7ef3e632211bbfe39,1,1,0.975795,45
full,1,train,9e01cc7974e365ad21e8eeaa2de44523c033be5ca2022c515f4c916c26d8678a,0,0,0.18281476,42
full,1,validation,14e167390feed0c74efc4ac80afa56c14259d50b9402cc9de1ad27b4729ce1c4,1,0,0.4740001,20
full,1,validation,803b4ab93215ed843a9ad1e6f90fd2761ec7b7fc923c2c9e7c0c649766daa6a5,0,0,0.07944229,24
full,1,validation,4c442d7ca2e2a868d9bea2c5a00f4edcfac84f0e059acdd582302b56ab686b03,1,1,0.93529576,70
full,1,validation,3ca4df875d84207a698e868d81a6931a22b81936ba3c289bcba0ef74294c8880,0,1,0.95167696,66
full,1,validation,b6ba94fd10ffb793925595d58703ed101d9c20218e032aaaa15a831c360b9953,1,1,0.9095452,67
full,1,validation,9cb6311116688a2ab819b887fa6cbb1685504ccaf34811d22987053e0fb705d2,0,1,0.92311794,66
full,1,validation,7e239a52bc2c5d6f4c92b5beab35e3993d1082059b13a03e82a8e62ddcfd00be,1,1,0.9506651,42
full,1,validation,3054b76a9ed4e6c37007d83fa512c76aedb28581fc072c619517d0eea895ae37,0,1,0.9635336,42
full,1,validation,ad6fe0e4c5747225a89fb4dbdcd9533fc633b86574e0ed7b9cbe876c91a99df6,1,1,0.7835014,48
full,1,validation,13b1c53bd158036cbdd9554bda8a0d0d80b0782750bec19a37697f015920f73e,0,0,0.32890868,41
full,1,validation,9462fb94b4a43d08acaef83991b34b34f0b381ea68b193a1e9c07db89982bd48,1,1,0.92047244,48
full,1,validation,f60498f9a7982fa042f3d21a27815959088d7ed2c100f824462eed8666ecfc05,0,1,0.9158791,48
full,1,validation,014facaa2d913105f079134b4ce00b25dec50eba1e24cdcc5e440aea0cbbe212,1,0,0.40846494,33
full,1,validation,eff84cc802f3c09ba2ac4e0abb42c687640ccb77ef33cee7686f8892508f082a,0,0,0.47156155,29
full,1,validation,b3dc762fbae7faad982e1f5cf57d4cd54cadce07fb3915280aaa3a1f40dd5432,1,1,0.86263466,45
full,1,validation,b3d6c10370f07255d33e113aa9c1da6b52b54842a66a8072c20f61055ec8878f,0,1,0.9399149,46
full,1,test,041c28c5b1734b8a5c6746ea7c6da7b81c64662604e6b5e27e47b1c5f3a64c46,1,1,0.96597135,66
full,1,test,ead7bf5eed809b57cdbb17e59aa93d3c6f86461966f44ff9378d7d5ad88a10e2,0,1,0.8088934,60
full,1,test,8bc58614899c46a36b7f6d72ef6ec65d21a5a4630d8007257328e2bec1cb2db5,1,1,0.9165234,45
full,1,test,174df3e4a6fac90fd29be884f3122a02bdd0609a27be7e4d7668b0a174c31e02,0,1,0.82877505,39
full,1,test,68ce6f7864ee8d1ad13971652b3c0a00fa358f1b1ef78bc37c491710557da58d,1,1,0.6267309,45
full,1,test,12cebb38922ed79da35075e4d0ef865f6a7be79b008281429585e00185aa0f49,0,1,0.5789784,44
full,1,test,36a5fd6ec3ad8404b80e91ce836394a67bfa4046c17c93681288f64e65b234fb,1,1,0.848948,37
full,1,test,f9ec3453b29c7f9e05b13a4a991cfb0a6842c9ce24140a6e544dbaab3dd1c9b1,0,1,0.8353157,36
full,1,test,3164cbb212bf6482d184db9ad57aaa557ce5d3f940a2206b2f55a53368c94d1b,1,1,0.94915324,61
full,1,test,5c8da560fef4528145e6407dbe51d8fc581318ad8e8ee71575bae6b092619fb8,0,1,0.8564709,58
full,1,test,b54bacd11f3ddba85a60580715244b76443fc85a58ff1374c04e7b4a05cf2a86,1,1,0.96368986,118
full,1,test,a4eeb8864e04c36160916641f442289778628d377cbb9a5d57e7d1f53de5dff9,0,1,0.9662461,104
full,1,test,b073e4f2be81979d6d4a79e4950faa8b8a19050b3b8a8bc6d761847fc84825b5,1,0,0.19092003,42
full,1,test,54a78b897e86d68b81b44045962ab5bd69a8e1f58615a07c5ff5a90580a3dce9,0,1,0.8275794,48
full,1,test,8dbeb73b52f84a5b5c31164212d9fbe55d8ff90a444fdc573a445d1f673e900d,1,1,0.8252939,65
full,1,test,1aa96f03752402c152efa89e1de7ea2b754fe2dc9f758946d5a1420f6d4fe754,0,0,0.20602524,57
full,7,train,f4347fb695d94ea0253989399ce476367abccd98738a82b5b76612fcb8167fda,1,1,0.915906,32
full,7,train,1d742c8784075044b3901763ced4045d1dd86dae391209656600561f6e29e965,0,0,0.09908118,26
full,7,train,75934239e9397decb2cc43a1084996db53fd4cbd9492a5abcda29a82ba0a07dd,1,1,0.7531627,55
full,7,train,d4536222113d266a23554a56288c67adeb2edad46c25a95fb658dd68f6a2246f,0,0,0.4867143,54
full,7,train,fbd519826fb7170730f11eac6c2b2168bce8fb7e1a4e2c21b4a531280ce65f35,1,1,0.9264152,30
full,7,train,8a0e95294c7c5898549ba8159c829a7ecb07bb12d6cadcbddbadf15680a88624,0,0,0.11130497,26
full,7,train,60c08ec8acbad96f0bd8998dae9b402fc2c9faef32fe34f26b45dc466b052701,1,1,0.80247474,33
full,7,train,163e47290bd2d9877ae5da27c1ccc9d438f3d783597bd87db2feaa768bd8d24f,0,0,0.15636872,33
full,7,train,b6c8376907636eebcab91651be9c77b846d18fb4b4a0bc4a464eb0952c9274af,1,1,0.80060095,45
full,7,train,9852f3157f0e4ae276d6526e12af972ae87f5efc3bf42c848dc782e28846f31b,0,0,0.33693013,39
full,7,train,0172d7c7873b54e773029b819212d560d13e7f2408f4a9041d0f8a48366d4768,1,1,0.91036844,44
full,7,train,5651172fc1f8a295c8e401f60df735bde15d10e89cb6f6fac9245b60ace9319e,0,0,0.09942508,36
full,7,train,8bc59effc6bf9c3dd44258d31f647caf6b4c2b08b4cb0424c9c7bf9a8aa85bb6,1,1,0.89779913,28
full,7,train,537d9670ebc3dd09020db7ac42be1a45b6fa676e1a1bf59a24328ce9b08ad3fc,0,0,0.08413734,30
full,7,train,7366582184863d6cbcfc2a5a94eb1653f0ec1ed395a8af1250b989c50ff02ac1,1,1,0.8015555,29
full,7,train,7bfa979ed249aaf1ddfbf50c587171ac91836bb0ecc640952329904e5c3cb9c0,0,0,0.06848427,23
full,7,train,005ddb81517ee30d14f50e0463f3922186d3d7fae0939a8da412d1a40c2ff6c8,1,1,0.84716934,17
full,7,train,d1d8abc08a808cbe9d9619a75a7803bf0354846b8a199eb2eee7fc7c1b846e73,0,0,0.3881819,17
full,7,train,ddd858689d5c3c8fce6e2db6dd8eb2300475c4e7bef3a55c899822636ba40175,1,1,0.9396937,30
full,7,train,2b8e7c17c88381adf337267af44539f2ce662f897a523adcb48dba29aaa8f51a,0,0,0.11132982,29
full,7,train,0932d23466fb63f4722f8b8f5c8bb81a01fc2882b0048d6ed347de1ecdd480cf,1,1,0.72999555,22
full,7,train,dd593bc3322fd23a0edd72f297e4f096629b01e90398b5069e56413ca89a2d34,0,0,0.33619207,22
full,7,train,59a4d6a69c871efed805d08996b5cc6aabea0f0020a377144460bdbf7300766a,1,1,0.9041006,26
full,7,train,fd97d0c7a359ff8cccdc83c8dea3233eb606f24ee18fdad6fa7190e1e3bbc486,0,0,0.17197764,26
full,7,train,c316150be37c454d6ef23c4b08435562f11e46135e0865c1daf657df5c971dd8,1,1,0.9087117,35
full,7,train,3538b116a7607a5c54a7ab77293165acef88044ca5689e8f7dbee052e877e03d,0,0,0.33058724,35
full,7,train,b6ab9f8173ae2d679e3f29faa74e502cd32dfcd4efc6ccc78cd89918f6716113,1,1,0.76879245,52
full,7,train,ba5e94851ca7338fbc43954286995e681d1ba481fc2594a6ac2c82eee86727e0,0,0,0.4931231,51
full,7,train,32ac918ba95b48d257f29c5fb0389476a13ea09f1dda424a3a783d478ebd2733,1,1,0.9765164,45
full,7,train,6eacc5a3eafaf2a021a4fb44463bcd3b25f9da8e8ef0852faf753b4448e8d981,0,0,0.045524202,32
full,7,train,c4e721231341466e48995d6d4292956a7817d62dbb69579954d0408839596c88,1,1,0.9204151,39
full,7,train,6650121000da6e40afa40e642e9c103a80ac6edebcc0a3bd44b462ee5df8d679,0,0,0.43423975,40
full,7,train,9f3801527e7405af9854a282370e49c4eaecf2bcf9442dadacd2ede197af5c7c,1,1,0.95794684,32
full,7,train,bb3aa751b9f05ff6bdd3f083e452f3b3ebc8b87d48579713044ceb353fb12286,0,0,0.07561795,26
full,7,train,267a1cc2d0155fd688d41fd4352be7c3c7bbe72bd2b797e54e08eb07e3b3fe18,1,1,0.9002197,48
full,7,train,164a9dcf53d2a85dc827543cbb1e13f93cd65a78332c2b6979d604fac4eace17,0,0,0.2846244,46
full,7,train,7722ba6a728fd1f249057199e28592231117789e2e7d8e6d8e77d855f8ad202e,1,1,0.9425949,63
full,7,train,fe9645997b650216d3feffa8e5384ac04b37263d9f87589d17689a99000d6d7b,0,0,0.18143281,56
full,7,train,1f2af845c72fc3d745538eb17e2532cd11f73d6ebc5db663949e76b9496ccac7,1,1,0.9046071,43
full,7,train,2f7b4843a03779904fa1ca275420dd974522933230b4db8d5fac0fddbadf4fc4,0,0,0.25161874,44
full,7,train,3f9fd1fb67f870f6c39cdcbb94031d673fb1428ddcfc2cf3047c068794cc5cc1,1,1,0.9312889,39
full,7,train,fc85621b056b4f07e2fc39f3d471efca34565c091194e04a10d304eaef9515da,0,0,0.17102288,31
full,7,train,5b429c8b15791a850251da919b09f3ac1c50b7d7dbaabe828aa012abf3ed5cd2,1,1,0.89712495,66
full,7,train,a91b67bf7a7a2470cf162700ecafdd7e00fb7ed6503cd6e98f0daba95257c0b1,0,0,0.2580639,56
full,7,train,5d3fb4a5524e47e9eadf3e9edf2a0133b04ba889b7895ba1fe130eaddaefae3c,1,1,0.7431518,65
full,7,train,b6fd2162258e2c26804223b0b107000a865656c145f30c010a6ccc300425c2a8,0,1,0.69415236,65
full,7,train,9fcd8b9de2954597fc5e02c7e6fcd19cad48cc8d4c972f8fbfb817bff7143773,1,1,0.9040447,54
full,7,train,cba6ea48e444e21c602c562d076e25c77d757f3cf2b4320ad86b3b3e4fc0ab55,0,0,0.24358885,37
full,7,train,74d34cd22c85e7bb47dfb958c2115e037079d5853291ef4e48ca3a983a9f5f8c,1,1,0.97893983,16
full,7,train,175a50046a9380f3d199e51a4cdcf943895f03cb69e234604b1b3e4d2894840c,0,0,0.054067153,25
full,7,train,e53a1f71d85dd49e02b0655fcab7e71cb460b01eb83ffed7d865b65518693675,1,1,0.9806753,16
full,7,train,fae42c28d66fd43ec5603999aac0491d5da306625e116c0dcf7448bd7397ed79,0,0,0.11229449,35
full,7,train,a3842cc2ffd1024f067e1501aab60eeb3d0bf457552740e734276101d293dfbb,1,1,0.9514994,64
full,7,train,9f2a2c257e190c437d0d7c71bf104bccac61d6dd6775ec63cae1ace8ea9fa991,0,0,0.122548245,54
full,7,train,1f86c2c308afb22b0493c05160f657eba85f402c0470cee1eb48329dbd67ed1f,1,1,0.92539036,21
full,7,train,32107fe522f76d3483afce63d22a99d80345df928338758c65114013cfa1a5f0,0,0,0.05444223,22
full,7,train,5be186c72f49aacee062741c8b89fbf7a402a4fc7f478476a25b9764aee60092,1,1,0.97606033,18
full,7,train,6d4e0ce896baadcff54c54bce199ba74f5762b2ef1422d7303ddc74554288f0f,0,0,0.15092526,16
full,7,train,5c7ce1ad485f8b52c12426de71ab2c1e47d12c45923a33cc2c35a7b1b327e1ed,1,1,0.9708915,27
full,7,train,bb9615cde1dcd7905391c8832fd69463a576e27be10765f64f6cf29fe3f9372f,0,0,0.04303352,21
full,7,train,923242418681e6fe8788ed5a6f236379e830eb6a06bd1113a32fb4b0cfadf36a,1,1,0.8963114,27
full,7,train,cc1089067945a5b0503d4562a789fd14178fd2c1b4c9db1d477b62df6e1888a7,0,0,0.21909437,34
full,7,train,5826794b236b02a3e1e75da1a6c2bae607a2c8d2919666c7ef3e632211bbfe39,1,1,0.8977397,45
full,7,train,9e01cc7974e365ad21e8eeaa2de44523c033be5ca2022c515f4c916c26d8678a,0,0,0.25582585,42
full,7,validation,14e167390feed0c74efc4ac80afa56c14259d50b9402cc9de1ad27b4729ce1c4,1,0,0.074118525,20
full,7,validation,803b4ab93215ed843a9ad1e6f90fd2761ec7b7fc923c2c9e7c0c649766daa6a5,0,0,0.07184656,24
full,7,validation,4c442d7ca2e2a868d9bea2c5a00f4edcfac84f0e059acdd582302b56ab686b03,1,1,0.91904753,70
full,7,validation,3ca4df875d84207a698e868d81a6931a22b81936ba3c289bcba0ef74294c8880,0,1,0.9530601,66
full,7,validation,b6ba94fd10ffb793925595d58703ed101d9c20218e032aaaa15a831c360b9953,1,1,0.6358511,67
full,7,validation,9cb6311116688a2ab819b887fa6cbb1685504ccaf34811d22987053e0fb705d2,0,1,0.66546565,66
full,7,validation,7e239a52bc2c5d6f4c92b5beab35e3993d1082059b13a03e82a8e62ddcfd00be,1,1,0.51216537,42
full,7,validation,3054b76a9ed4e6c37007d83fa512c76aedb28581fc072c619517d0eea895ae37,0,1,0.57249624,42
full,7,validation,ad6fe0e4c5747225a89fb4dbdcd9533fc633b86574e0ed7b9cbe876c91a99df6,1,1,0.77874696,48
full,7,validation,13b1c53bd158036cbdd9554bda8a0d0d80b0782750bec19a37697f015920f73e,0,1,0.58377826,41
full,7,validation,9462fb94b4a43d08acaef83991b34b34f0b381ea68b193a1e9c07db89982bd48,1,1,0.68644345,48
full,7,validation,f60498f9a7982fa042f3d21a27815959088d7ed2c100f824462eed8666ecfc05,0,1,0.6147612,48
full,7,validation,014facaa2d913105f079134b4ce00b25dec50eba1e24cdcc5e440aea0cbbe212,1,0,0.33425876,33
full,7,validation,eff84cc802f3c09ba2ac4e0abb42c687640ccb77ef33cee7686f8892508f082a,0,0,0.49683037,29
full,7,validation,b3dc762fbae7faad982e1f5cf57d4cd54cadce07fb3915280aaa3a1f40dd5432,1,1,0.8971472,45
full,7,validation,b3d6c10370f07255d33e113aa9c1da6b52b54842a66a8072c20f61055ec8878f,0,1,0.9227267,46
full,7,test,041c28c5b1734b8a5c6746ea7c6da7b81c64662604e6b5e27e47b1c5f3a64c46,1,1,0.93526554,66
full,7,test,ead7bf5eed809b57cdbb17e59aa93d3c6f86461966f44ff9378d7d5ad88a10e2,0,1,0.8373438,60
full,7,test,8bc58614899c46a36b7f6d72ef6ec65d21a5a4630d8007257328e2bec1cb2db5,1,1,0.6523741,45
full,7,test,174df3e4a6fac90fd29be884f3122a02bdd0609a27be7e4d7668b0a174c31e02,0,1,0.59242755,39
full,7,test,68ce6f7864ee8d1ad13971652b3c0a00fa358f1b1ef78bc37c491710557da58d,1,1,0.6528576,45
full,7,test,12cebb38922ed79da35075e4d0ef865f6a7be79b008281429585e00185aa0f49,0,0,0.49846035,44
full,7,test,36a5fd6ec3ad8404b80e91ce836394a67bfa4046c17c93681288f64e65b234fb,1,1,0.5222367,37
full,7,test,f9ec3453b29c7f9e05b13a4a991cfb0a6842c9ce24140a6e544dbaab3dd1c9b1,0,0,0.47635305,36
full,7,test,3164cbb212bf6482d184db9ad57aaa557ce5d3f940a2206b2f55a53368c94d1b,1,1,0.8803636,61
full,7,test,5c8da560fef4528145e6407dbe51d8fc581318ad8e8ee71575bae6b092619fb8,0,1,0.86308783,58
full,7,test,b54bacd11f3ddba85a60580715244b76443fc85a58ff1374c04e7b4a05cf2a86,1,1,0.56262493,118
full,7,test,a4eeb8864e04c36160916641f442289778628d377cbb9a5d57e7d1f53de5dff9,0,1,0.6365657,104
full,7,test,b073e4f2be81979d6d4a79e4950faa8b8a19050b3b8a8bc6d761847fc84825b5,1,0,0.31987992,42
full,7,test,54a78b897e86d68b81b44045962ab5bd69a8e1f58615a07c5ff5a90580a3dce9,0,1,0.8044996,48
full,7,test,8dbeb73b52f84a5b5c31164212d9fbe55d8ff90a444fdc573a445d1f673e900d,1,1,0.92200035,65
full,7,test,1aa96f03752402c152efa89e1de7ea2b754fe2dc9f758946d5a1420f6d4fe754,0,1,0.80078363,57
full,42,train,f4347fb695d94ea0253989399ce476367abccd98738a82b5b76612fcb8167fda,1,1,0.8704342,32
full,42,train,1d742c8784075044b3901763ced4045d1dd86dae391209656600561f6e29e965,0,0,0.096699305,26
full,42,train,75934239e9397decb2cc43a1084996db53fd4cbd9492a5abcda29a82ba0a07dd,1,1,0.7065565,55
full,42,train,d4536222113d266a23554a56288c67adeb2edad46c25a95fb658dd68f6a2246f,0,0,0.42930064,54
full,42,train,fbd519826fb7170730f11eac6c2b2168bce8fb7e1a4e2c21b4a531280ce65f35,1,1,0.89930576,30
full,42,train,8a0e95294c7c5898549ba8159c829a7ecb07bb12d6cadcbddbadf15680a88624,0,0,0.10048236,26
full,42,train,60c08ec8acbad96f0bd8998dae9b402fc2c9faef32fe34f26b45dc466b052701,1,1,0.925352,33
full,42,train,163e47290bd2d9877ae5da27c1ccc9d438f3d783597bd87db2feaa768bd8d24f,0,0,0.2172913,33
full,42,train,b6c8376907636eebcab91651be9c77b846d18fb4b4a0bc4a464eb0952c9274af,1,1,0.7820421,45
full,42,train,9852f3157f0e4ae276d6526e12af972ae87f5efc3bf42c848dc782e28846f31b,0,0,0.3697557,39
full,42,train,0172d7c7873b54e773029b819212d560d13e7f2408f4a9041d0f8a48366d4768,1,1,0.9497662,44
full,42,train,5651172fc1f8a295c8e401f60df735bde15d10e89cb6f6fac9245b60ace9319e,0,0,0.16377087,36
full,42,train,8bc59effc6bf9c3dd44258d31f647caf6b4c2b08b4cb0424c9c7bf9a8aa85bb6,1,1,0.9203495,28
full,42,train,537d9670ebc3dd09020db7ac42be1a45b6fa676e1a1bf59a24328ce9b08ad3fc,0,0,0.10070303,30
full,42,train,7366582184863d6cbcfc2a5a94eb1653f0ec1ed395a8af1250b989c50ff02ac1,1,1,0.89523625,29
full,42,train,7bfa979ed249aaf1ddfbf50c587171ac91836bb0ecc640952329904e5c3cb9c0,0,0,0.15387787,23
full,42,train,005ddb81517ee30d14f50e0463f3922186d3d7fae0939a8da412d1a40c2ff6c8,1,1,0.82404244,17
full,42,train,d1d8abc08a808cbe9d9619a75a7803bf0354846b8a199eb2eee7fc7c1b846e73,0,0,0.381747,17
full,42,train,ddd858689d5c3c8fce6e2db6dd8eb2300475c4e7bef3a55c899822636ba40175,1,1,0.95196456,30
full,42,train,2b8e7c17c88381adf337267af44539f2ce662f897a523adcb48dba29aaa8f51a,0,0,0.11616269,29
full,42,train,0932d23466fb63f4722f8b8f5c8bb81a01fc2882b0048d6ed347de1ecdd480cf,1,1,0.70909,22
full,42,train,dd593bc3322fd23a0edd72f297e4f096629b01e90398b5069e56413ca89a2d34,0,0,0.33745217,22
full,42,train,59a4d6a69c871efed805d08996b5cc6aabea0f0020a377144460bdbf7300766a,1,1,0.9750602,26
full,42,train,fd97d0c7a359ff8cccdc83c8dea3233eb606f24ee18fdad6fa7190e1e3bbc486,0,0,0.0463132,26
full,42,train,c316150be37c454d6ef23c4b08435562f11e46135e0865c1daf657df5c971dd8,1,1,0.8097025,35
full,42,train,3538b116a7607a5c54a7ab77293165acef88044ca5689e8f7dbee052e877e03d,0,0,0.3994512,35
full,42,train,b6ab9f8173ae2d679e3f29faa74e502cd32dfcd4efc6ccc78cd89918f6716113,1,1,0.8392915,52
full,42,train,ba5e94851ca7338fbc43954286995e681d1ba481fc2594a6ac2c82eee86727e0,0,0,0.36537808,51
full,42,train,32ac918ba95b48d257f29c5fb0389476a13ea09f1dda424a3a783d478ebd2733,1,1,0.9735913,45
full,42,train,6eacc5a3eafaf2a021a4fb44463bcd3b25f9da8e8ef0852faf753b4448e8d981,0,0,0.09304976,32
full,42,train,c4e721231341466e48995d6d4292956a7817d62dbb69579954d0408839596c88,1,1,0.9139276,39
full,42,train,6650121000da6e40afa40e642e9c103a80ac6edebcc0a3bd44b462ee5df8d679,0,0,0.27740282,40
full,42,train,9f3801527e7405af9854a282370e49c4eaecf2bcf9442dadacd2ede197af5c7c,1,1,0.92080903,32
full,42,train,bb3aa751b9f05ff6bdd3f083e452f3b3ebc8b87d48579713044ceb353fb12286,0,0,0.04250054,26
full,42,train,267a1cc2d0155fd688d41fd4352be7c3c7bbe72bd2b797e54e08eb07e3b3fe18,1,1,0.92486846,48
full,42,train,164a9dcf53d2a85dc827543cbb1e13f93cd65a78332c2b6979d604fac4eace17,0,0,0.15015775,46
full,42,train,7722ba6a728fd1f249057199e28592231117789e2e7d8e6d8e77d855f8ad202e,1,1,0.97636956,63
full,42,train,fe9645997b650216d3feffa8e5384ac04b37263d9f87589d17689a99000d6d7b,0,0,0.1393624,56
full,42,train,1f2af845c72fc3d745538eb17e2532cd11f73d6ebc5db663949e76b9496ccac7,1,1,0.87592787,43
full,42,train,2f7b4843a03779904fa1ca275420dd974522933230b4db8d5fac0fddbadf4fc4,0,0,0.34241655,44
full,42,train,3f9fd1fb67f870f6c39cdcbb94031d673fb1428ddcfc2cf3047c068794cc5cc1,1,1,0.94449043,39
full,42,train,fc85621b056b4f07e2fc39f3d471efca34565c091194e04a10d304eaef9515da,0,0,0.15412904,31
full,42,train,5b429c8b15791a850251da919b09f3ac1c50b7d7dbaabe828aa012abf3ed5cd2,1,1,0.88656,66
full,42,train,a91b67bf7a7a2470cf162700ecafdd7e00fb7ed6503cd6e98f0daba95257c0b1,0,0,0.13022996,56
full,42,train,5d3fb4a5524e47e9eadf3e9edf2a0133b04ba889b7895ba1fe130eaddaefae3c,1,1,0.6708998,65
full,42,train,b6fd2162258e2c26804223b0b107000a865656c145f30c010a6ccc300425c2a8,0,1,0.6523887,65
full,42,train,9fcd8b9de2954597fc5e02c7e6fcd19cad48cc8d4c972f8fbfb817bff7143773,1,1,0.9522517,54
full,42,train,cba6ea48e444e21c602c562d076e25c77d757f3cf2b4320ad86b3b3e4fc0ab55,0,0,0.20929843,37
full,42,train,74d34cd22c85e7bb47dfb958c2115e037079d5853291ef4e48ca3a983a9f5f8c,1,1,0.9911409,16
full,42,train,175a50046a9380f3d199e51a4cdcf943895f03cb69e234604b1b3e4d2894840c,0,0,0.12671886,25
full,42,train,e53a1f71d85dd49e02b0655fcab7e71cb460b01eb83ffed7d865b65518693675,1,1,0.9785161,16
full,42,train,fae42c28d66fd43ec5603999aac0491d5da306625e116c0dcf7448bd7397ed79,0,0,0.11798386,35
full,42,train,a3842cc2ffd1024f067e1501aab60eeb3d0bf457552740e734276101d293dfbb,1,1,0.96864825,64
full,42,train,9f2a2c257e190c437d0d7c71bf104bccac61d6dd6775ec63cae1ace8ea9fa991,0,0,0.17928408,54
full,42,train,1f86c2c308afb22b0493c05160f657eba85f402c0470cee1eb48329dbd67ed1f,1,1,0.9347491,21
full,42,train,32107fe522f76d3483afce63d22a99d80345df928338758c65114013cfa1a5f0,0,0,0.07575509,22
full,42,train,5be186c72f49aacee062741c8b89fbf7a402a4fc7f478476a25b9764aee60092,1,1,0.9645679,18
full,42,train,6d4e0ce896baadcff54c54bce199ba74f5762b2ef1422d7303ddc74554288f0f,0,0,0.12368704,16
full,42,train,5c7ce1ad485f8b52c12426de71ab2c1e47d12c45923a33cc2c35a7b1b327e1ed,1,1,0.97693163,27
full,42,train,bb9615cde1dcd7905391c8832fd69463a576e27be10765f64f6cf29fe3f9372f,0,0,0.04276801,21
full,42,train,923242418681e6fe8788ed5a6f236379e830eb6a06bd1113a32fb4b0cfadf36a,1,1,0.8999146,27
full,42,train,cc1089067945a5b0503d4562a789fd14178fd2c1b4c9db1d477b62df6e1888a7,0,0,0.14842628,34
full,42,train,5826794b236b02a3e1e75da1a6c2bae607a2c8d2919666c7ef3e632211bbfe39,1,1,0.841746,45
full,42,train,9e01cc7974e365ad21e8eeaa2de44523c033be5ca2022c515f4c916c26d8678a,0,0,0.15319364,42
full,42,validation,14e167390feed0c74efc4ac80afa56c14259d50b9402cc9de1ad27b4729ce1c4,1,0,0.08846397,20
full,42,validation,803b4ab93215ed843a9ad1e6f90fd2761ec7b7fc923c2c9e7c0c649766daa6a5,0,0,0.0586547,24
full,42,validation,4c442d7ca2e2a868d9bea2c5a00f4edcfac84f0e059acdd582302b56ab686b03,1,1,0.95521516,70
full,42,validation,3ca4df875d84207a698e868d81a6931a22b81936ba3c289bcba0ef74294c8880,0,1,0.9605887,66
full,42,validation,b6ba94fd10ffb793925595d58703ed101d9c20218e032aaaa15a831c360b9953,1,1,0.8793658,67
full,42,validation,9cb6311116688a2ab819b887fa6cbb1685504ccaf34811d22987053e0fb705d2,0,1,0.8527797,66
full,42,validation,7e239a52bc2c5d6f4c92b5beab35e3993d1082059b13a03e82a8e62ddcfd00be,1,1,0.86295164,42
full,42,validation,3054b76a9ed4e6c37007d83fa512c76aedb28581fc072c619517d0eea895ae37,0,1,0.84371036,42
full,42,validation,ad6fe0e4c5747225a89fb4dbdcd9533fc633b86574e0ed7b9cbe876c91a99df6,1,1,0.85788953,48
full,42,validation,13b1c53bd158036cbdd9554bda8a0d0d80b0782750bec19a37697f015920f73e,0,1,0.7650627,41
full,42,validation,9462fb94b4a43d08acaef83991b34b34f0b381ea68b193a1e9c07db89982bd48,1,1,0.66073656,48
full,42,validation,f60498f9a7982fa042f3d21a27815959088d7ed2c100f824462eed8666ecfc05,0,1,0.6817576,48
full,42,validation,014facaa2d913105f079134b4ce00b25dec50eba1e24cdcc5e440aea0cbbe212,1,0,0.1573011,33
full,42,validation,eff84cc802f3c09ba2ac4e0abb42c687640ccb77ef33cee7686f8892508f082a,0,0,0.3967123,29
full,42,validation,b3dc762fbae7faad982e1f5cf57d4cd54cadce07fb3915280aaa3a1f40dd5432,1,1,0.66582704,45
full,42,validation,b3d6c10370f07255d33e113aa9c1da6b52b54842a66a8072c20f61055ec8878f,0,1,0.767323,46
full,42,test,041c28c5b1734b8a5c6746ea7c6da7b81c64662604e6b5e27e47b1c5f3a64c46,1,1,0.9250094,66
full,42,test,ead7bf5eed809b57cdbb17e59aa93d3c6f86461966f44ff9378d7d5ad88a10e2,0,1,0.8535237,60
full,42,test,8bc58614899c46a36b7f6d72ef6ec65d21a5a4630d8007257328e2bec1cb2db5,1,1,0.8048768,45
full,42,test,174df3e4a6fac90fd29be884f3122a02bdd0609a27be7e4d7668b0a174c31e02,0,1,0.8080911,39
full,42,test,68ce6f7864ee8d1ad13971652b3c0a00fa358f1b1ef78bc37c491710557da58d,1,1,0.6627728,45
full,42,test,12cebb38922ed79da35075e4d0ef865f6a7be79b008281429585e00185aa0f49,0,1,0.72937137,44
full,42,test,36a5fd6ec3ad8404b80e91ce836394a67bfa4046c17c93681288f64e65b234fb,1,1,0.7482182,37
full,42,test,f9ec3453b29c7f9e05b13a4a991cfb0a6842c9ce24140a6e544dbaab3dd1c9b1,0,1,0.737766,36
full,42,test,3164cbb212bf6482d184db9ad57aaa557ce5d3f940a2206b2f55a53368c94d1b,1,1,0.823374,61
full,42,test,5c8da560fef4528145e6407dbe51d8fc581318ad8e8ee71575bae6b092619fb8,0,1,0.7579916,58
full,42,test,b54bacd11f3ddba85a60580715244b76443fc85a58ff1374c04e7b4a05cf2a86,1,1,0.9248776,118
full,42,test,a4eeb8864e04c36160916641f442289778628d377cbb9a5d57e7d1f53de5dff9,0,1,0.9376857,104
full,42,test,b073e4f2be81979d6d4a79e4950faa8b8a19050b3b8a8bc6d761847fc84825b5,1,0,0.28194425,42
full,42,test,54a78b897e86d68b81b44045962ab5bd69a8e1f58615a07c5ff5a90580a3dce9,0,1,0.68075705,48
full,42,test,8dbeb73b52f84a5b5c31164212d9fbe55d8ff90a444fdc573a445d1f673e900d,1,1,0.9464281,65
full,42,test,1aa96f03752402c152efa89e1de7ea2b754fe2dc9f758946d5a1420f6d4fe754,0,1,0.8998132,57
