split	project	source_sha256	target	prediction	p0	p1	tokens
train	synthetic/curriculum/ownership/string-reuse	f4347fb695d94ea0253989399ce476367abccd98738a82b5b76612fcb8167fda	1	1	0.4972532	0.5027468	37
train	synthetic/curriculum/ownership/string-reuse	1d742c8784075044b3901763ced4045d1dd86dae391209656600561f6e29e965	0	0	0.5828334	0.4171666	31
train	synthetic/curriculum/ownership/partial-field	75934239e9397decb2cc43a1084996db53fd4cbd9492a5abcda29a82ba0a07dd	1	1	0.45123225	0.5487677	68
train	synthetic/curriculum/ownership/partial-field	d4536222113d266a23554a56288c67adeb2edad46c25a95fb658dd68f6a2246f	0	1	0.44081908	0.559181	66
train	synthetic/curriculum/ownership/tuple-destructure	fbd519826fb7170730f11eac6c2b2168bce8fb7e1a4e2c21b4a531280ce65f35	1	1	0.46531162	0.53468835	32
train	synthetic/curriculum/ownership/tuple-destructure	8a0e95294c7c5898549ba8159c829a7ecb07bb12d6cadcbddbadf15680a88624	0	0	0.542047	0.45795295	29
train	synthetic/curriculum/ownership/function-consumption	60c08ec8acbad96f0bd8998dae9b402fc2c9faef32fe34f26b45dc466b052701	1	1	0.49071047	0.5092895	41
train	synthetic/curriculum/ownership/function-consumption	163e47290bd2d9877ae5da27c1ccc9d438f3d783597bd87db2feaa768bd8d24f	0	1	0.49439156	0.50560844	39
train	synthetic/curriculum/ownership/loop-consumption	b6c8376907636eebcab91651be9c77b846d18fb4b4a0bc4a464eb0952c9274af	1	0	0.5042999	0.49570015	44
train	synthetic/curriculum/ownership/loop-consumption	9852f3157f0e4ae276d6526e12af972ae87f5efc3bf42c848dc782e28846f31b	0	0	0.53292584	0.46707413	38
train	synthetic/curriculum/ownership/option-extraction	0172d7c7873b54e773029b819212d560d13e7f2408f4a9041d0f8a48366d4768	1	1	0.428008	0.571992	46
train	synthetic/curriculum/ownership/option-extraction	5651172fc1f8a295c8e401f60df735bde15d10e89cb6f6fac9245b60ace9319e	0	0	0.50706875	0.49293128	39
train	synthetic/curriculum/ownership/iterator-ownership	8bc59effc6bf9c3dd44258d31f647caf6b4c2b08b4cb0424c9c7bf9a8aa85bb6	1	0	0.5206445	0.4793555	29
train	synthetic/curriculum/ownership/iterator-ownership	537d9670ebc3dd09020db7ac42be1a45b6fa676e1a1bf59a24328ce9b08ad3fc	0	0	0.56122977	0.43877026	31
train	synthetic/curriculum/ownership/array-ownership	7366582184863d6cbcfc2a5a94eb1653f0ec1ed395a8af1250b989c50ff02ac1	1	1	0.4974475	0.50255257	34
train	synthetic/curriculum/ownership/array-ownership	7bfa979ed249aaf1ddfbf50c587171ac91836bb0ecc640952329904e5c3cb9c0	0	0	0.54225034	0.4577497	28
train	synthetic/curriculum/ownership/closure-capture	14e167390feed0c74efc4ac80afa56c14259d50b9402cc9de1ad27b4729ce1c4	1	0	0.5176934	0.4823066	22
train	synthetic/curriculum/ownership/closure-capture	803b4ab93215ed843a9ad1e6f90fd2761ec7b7fc923c2c9e7c0c649766daa6a5	0	0	0.5564586	0.44354144	27
train	synthetic/curriculum/ownership/enum-match	4c442d7ca2e2a868d9bea2c5a00f4edcfac84f0e059acdd582302b56ab686b03	1	1	0.44547305	0.554527	62
train	synthetic/curriculum/ownership/enum-match	3ca4df875d84207a698e868d81a6931a22b81936ba3c289bcba0ef74294c8880	0	1	0.4926705	0.5073295	59
train	synthetic/curriculum/ownership/conditional-consumption	041c28c5b1734b8a5c6746ea7c6da7b81c64662604e6b5e27e47b1c5f3a64c46	1	1	0.46076962	0.53923035	58
train	synthetic/curriculum/ownership/conditional-consumption	ead7bf5eed809b57cdbb17e59aa93d3c6f86461966f44ff9378d7d5ad88a10e2	0	0	0.53997344	0.46002656	52
train	synthetic/curriculum/ownership/returned-ownership	8bc58614899c46a36b7f6d72ef6ec65d21a5a4630d8007257328e2bec1cb2db5	1	1	0.49505082	0.50494915	47
train	synthetic/curriculum/ownership/returned-ownership	174df3e4a6fac90fd29be884f3122a02bdd0609a27be7e4d7668b0a174c31e02	0	0	0.55853593	0.441464	41
train	synthetic/curriculum/borrowing/binding-mutability	005ddb81517ee30d14f50e0463f3922186d3d7fae0939a8da412d1a40c2ff6c8	1	0	0.58516896	0.41483098	16
train	synthetic/curriculum/borrowing/binding-mutability	d1d8abc08a808cbe9d9619a75a7803bf0354846b8a199eb2eee7fc7c1b846e73	0	0	0.6016146	0.39838544	16
train	synthetic/curriculum/borrowing/reference-mutability	ddd858689d5c3c8fce6e2db6dd8eb2300475c4e7bef3a55c899822636ba40175	1	0	0.51925164	0.4807484	33
train	synthetic/curriculum/borrowing/reference-mutability	2b8e7c17c88381adf337267af44539f2ce662f897a523adcb48dba29aaa8f51a	0	0	0.52363735	0.47636262	33
train	synthetic/curriculum/borrowing/mutable-borrow-binding	0932d23466fb63f4722f8b8f5c8bb81a01fc2882b0048d6ed347de1ecdd480cf	1	1	0.46118155	0.5388185	25
train	synthetic/curriculum/borrowing/mutable-borrow-binding	dd593bc3322fd23a0edd72f297e4f096629b01e90398b5069e56413ca89a2d34	0	1	0.47203928	0.5279607	25
train	synthetic/curriculum/borrowing/shared-then-exclusive	59a4d6a69c871efed805d08996b5cc6aabea0f0020a377144460bdbf7300766a	1	0	0.5621442	0.43785578	31
train	synthetic/curriculum/borrowing/shared-then-exclusive	fd97d0c7a359ff8cccdc83c8dea3233eb606f24ee18fdad6fa7190e1e3bbc486	0	0	0.593454	0.406546	31
train	synthetic/curriculum/borrowing/exclusive-overlap	c316150be37c454d6ef23c4b08435562f11e46135e0865c1daf657df5c971dd8	1	0	0.5074257	0.4925743	41
train	synthetic/curriculum/borrowing/exclusive-overlap	3538b116a7607a5c54a7ab77293165acef88044ca5689e8f7dbee052e877e03d	0	0	0.5362573	0.4637427	41
train	synthetic/curriculum/borrowing/disjoint-fields	b6ab9f8173ae2d679e3f29faa74e502cd32dfcd4efc6ccc78cd89918f6716113	1	1	0.42907766	0.5709224	74
train	synthetic/curriculum/borrowing/disjoint-fields	ba5e94851ca7338fbc43954286995e681d1ba481fc2594a6ac2c82eee86727e0	0	1	0.44512525	0.5548748	72
train	synthetic/curriculum/borrowing/slice-partition	32ac918ba95b48d257f29c5fb0389476a13ea09f1dda424a3a783d478ebd2733	1	1	0.45655817	0.54344183	55
train	synthetic/curriculum/borrowing/slice-partition	6eacc5a3eafaf2a021a4fb44463bcd3b25f9da8e8ef0852faf753b4448e8d981	0	0	0.5554328	0.44456717	43
train	synthetic/curriculum/borrowing/iteration-mutation	c4e721231341466e48995d6d4292956a7817d62dbb69579954d0408839596c88	1	0	0.50310934	0.4968906	41
train	synthetic/curriculum/borrowing/iteration-mutation	6650121000da6e40afa40e642e9c103a80ac6edebcc0a3bd44b462ee5df8d679	0	0	0.531143	0.46885702	43
train	synthetic/curriculum/borrowing/method-receiver	b6ba94fd10ffb793925595d58703ed101d9c20218e032aaaa15a831c360b9953	1	1	0.38139924	0.6186008	61
train	synthetic/curriculum/borrowing/method-receiver	9cb6311116688a2ab819b887fa6cbb1685504ccaf34811d22987053e0fb705d2	0	1	0.38373166	0.61626834	61
train	synthetic/curriculum/borrowing/reborrow-order	7e239a52bc2c5d6f4c92b5beab35e3993d1082059b13a03e82a8e62ddcfd00be	1	1	0.4784359	0.5215641	46
train	synthetic/curriculum/borrowing/reborrow-order	3054b76a9ed4e6c37007d83fa512c76aedb28581fc072c619517d0eea895ae37	0	1	0.49089065	0.5091094	46
train	synthetic/curriculum/borrowing/box-shared-access	68ce6f7864ee8d1ad13971652b3c0a00fa358f1b1ef78bc37c491710557da58d	1	0	0.53685164	0.4631483	42
train	synthetic/curriculum/borrowing/box-shared-access	12cebb38922ed79da35075e4d0ef865f6a7be79b008281429585e00185aa0f49	0	0	0.539165	0.46083498	42
train	synthetic/curriculum/borrowing/closure-call-mutability	36a5fd6ec3ad8404b80e91ce836394a67bfa4046c17c93681288f64e65b234fb	1	1	0.45179006	0.5482099	33
train	synthetic/curriculum/borrowing/closure-call-mutability	f9ec3453b29c7f9e05b13a4a991cfb0a6842c9ce24140a6e544dbaab3dd1c9b1	0	0	0.56323415	0.43676588	32
train	synthetic/curriculum/traits/clone-bound	9f3801527e7405af9854a282370e49c4eaecf2bcf9442dadacd2ede197af5c7c	1	1	0.45017025	0.5498298	38
train	synthetic/curriculum/traits/clone-bound	bb3aa751b9f05ff6bdd3f083e452f3b3ebc8b87d48579713044ceb353fb12286	0	0	0.5171386	0.4828614	32
train	synthetic/curriculum/traits/display-bound	267a1cc2d0155fd688d41fd4352be7c3c7bbe72bd2b797e54e08eb07e3b3fe18	1	0	0.5277947	0.47220522	50
train	synthetic/curriculum/traits/display-bound	164a9dcf53d2a85dc827543cbb1e13f93cd65a78332c2b6979d604fac4eace17	0	0	0.5601655	0.43983445	48
train	synthetic/curriculum/traits/associated-item	7722ba6a728fd1f249057199e28592231117789e2e7d8e6d8e77d855f8ad202e	1	1	0.3960026	0.6039974	60
train	synthetic/curriculum/traits/associated-item	fe9645997b650216d3feffa8e5384ac04b37263d9f87589d17689a99000d6d7b	0	1	0.48373556	0.51626444	54
train	synthetic/curriculum/traits/copy-derive	1f2af845c72fc3d745538eb17e2532cd11f73d6ebc5db663949e76b9496ccac7	1	1	0.46957004	0.53042996	46
train	synthetic/curriculum/traits/copy-derive	2f7b4843a03779904fa1ca275420dd974522933230b4db8d5fac0fddbadf4fc4	0	0	0.5437118	0.45628825	49
train	synthetic/curriculum/traits/default-bound	3f9fd1fb67f870f6c39cdcbb94031d673fb1428ddcfc2cf3047c068794cc5cc1	1	1	0.44420463	0.5557954	44
train	synthetic/curriculum/traits/default-bound	fc85621b056b4f07e2fc39f3d471efca34565c091194e04a10d304eaef9515da	0	0	0.5547929	0.4452071	36
train	synthetic/curriculum/traits/trait-method	5b429c8b15791a850251da919b09f3ac1c50b7d7dbaabe828aa012abf3ed5cd2	1	1	0.42256516	0.57743484	71
train	synthetic/curriculum/traits/trait-method	a91b67bf7a7a2470cf162700ecafdd7e00fb7ed6503cd6e98f0daba95257c0b1	0	1	0.4940415	0.5059585	58
train	synthetic/curriculum/traits/implementation-type	5d3fb4a5524e47e9eadf3e9edf2a0133b04ba889b7895ba1fe130eaddaefae3c	1	1	0.41536817	0.58463186	67
train	synthetic/curriculum/traits/implementation-type	b6fd2162258e2c26804223b0b107000a865656c145f30c010a6ccc300425c2a8	0	1	0.42071453	0.5792855	67
train	synthetic/curriculum/traits/where-clause	9fcd8b9de2954597fc5e02c7e6fcd19cad48cc8d4c972f8fbfb817bff7143773	1	1	0.41513216	0.58486784	58
train	synthetic/curriculum/traits/where-clause	cba6ea48e444e21c602c562d076e25c77d757f3cf2b4320ad86b3b3e4fc0ab55	0	0	0.5288056	0.47119445	41
train	synthetic/curriculum/traits/sized-relaxation	ad6fe0e4c5747225a89fb4dbdcd9533fc633b86574e0ed7b9cbe876c91a99df6	1	1	0.45565447	0.5443455	52
train	synthetic/curriculum/traits/sized-relaxation	13b1c53bd158036cbdd9554bda8a0d0d80b0782750bec19a37697f015920f73e	0	0	0.5045058	0.4954942	44
train	synthetic/curriculum/traits/const-generic-shape	9462fb94b4a43d08acaef83991b34b34f0b381ea68b193a1e9c07db89982bd48	1	0	0.51150393	0.48849612	45
train	synthetic/curriculum/traits/const-generic-shape	f60498f9a7982fa042f3d21a27815959088d7ed2c100f824462eed8666ecfc05	0	0	0.5220714	0.47792855	45
train	synthetic/curriculum/traits/send-bound	3164cbb212bf6482d184db9ad57aaa557ce5d3f940a2206b2f55a53368c94d1b	1	1	0.46411124	0.53588873	56
train	synthetic/curriculum/traits/send-bound	5c8da560fef4528145e6407dbe51d8fc581318ad8e8ee71575bae6b092619fb8	0	0	0.5139023	0.48609775	53
train	synthetic/curriculum/traits/associated-type-definition	b54bacd11f3ddba85a60580715244b76443fc85a58ff1374c04e7b4a05cf2a86	1	1	0.36550558	0.6344944	110
train	synthetic/curriculum/traits/associated-type-definition	a4eeb8864e04c36160916641f442289778628d377cbb9a5d57e7d1f53de5dff9	0	1	0.38648197	0.61351806	97
train	synthetic/curriculum/lifetimes/local-return	74d34cd22c85e7bb47dfb958c2115e037079d5853291ef4e48ca3a983a9f5f8c	1	1	0.41605204	0.5839479	19
train	synthetic/curriculum/lifetimes/local-return	175a50046a9380f3d199e51a4cdcf943895f03cb69e234604b1b3e4d2894840c	0	0	0.5081691	0.49183083	28
train	synthetic/curriculum/lifetimes/parameter-return	e53a1f71d85dd49e02b0655fcab7e71cb460b01eb83ffed7d865b65518693675	1	0	0.5515057	0.44849426	24
train	synthetic/curriculum/lifetimes/parameter-return	fae42c28d66fd43ec5603999aac0491d5da306625e116c0dcf7448bd7397ed79	0	0	0.5089937	0.49100634	44
train	synthetic/curriculum/lifetimes/shared-output-lifetime	a3842cc2ffd1024f067e1501aab60eeb3d0bf457552740e734276101d293dfbb	1	1	0.4454348	0.5545652	68
train	synthetic/curriculum/lifetimes/shared-output-lifetime	9f2a2c257e190c437d0d7c71bf104bccac61d6dd6775ec63cae1ace8ea9fa991	0	0	0.5779025	0.42209756	56
train	synthetic/curriculum/lifetimes/inner-scope	1f86c2c308afb22b0493c05160f657eba85f402c0470cee1eb48329dbd67ed1f	1	0	0.5453158	0.45468417	19
train	synthetic/curriculum/lifetimes/inner-scope	32107fe522f76d3483afce63d22a99d80345df928338758c65114013cfa1a5f0	0	0	0.5550478	0.4449522	19
train	synthetic/curriculum/lifetimes/temporary-binding	5be186c72f49aacee062741c8b89fbf7a402a4fc7f478476a25b9764aee60092	1	1	0.49223614	0.50776386	19
train	synthetic/curriculum/lifetimes/temporary-binding	6d4e0ce896baadcff54c54bce199ba74f5762b2ef1422d7303ddc74554288f0f	0	0	0.6312465	0.36875352	16
train	synthetic/curriculum/lifetimes/struct-lifetime	5c7ce1ad485f8b52c12426de71ab2c1e47d12c45923a33cc2c35a7b1b327e1ed	1	0	0.51728445	0.48271555	33
train	synthetic/curriculum/lifetimes/struct-lifetime	bb9615cde1dcd7905391c8832fd69463a576e27be10765f64f6cf29fe3f9372f	0	0	0.5949409	0.40505916	26
train	synthetic/curriculum/lifetimes/static-requirement	923242418681e6fe8788ed5a6f236379e830eb6a06bd1113a32fb4b0cfadf36a	1	0	0.54844236	0.45155764	34
train	synthetic/curriculum/lifetimes/static-requirement	cc1089067945a5b0503d4562a789fd14178fd2c1b4c9db1d477b62df6e1888a7	0	0	0.53361714	0.46638283	41
train	synthetic/curriculum/lifetimes/outlives-constraint	5826794b236b02a3e1e75da1a6c2bae607a2c8d2919666c7ef3e632211bbfe39	1	1	0.4780017	0.5219983	53
train	synthetic/curriculum/lifetimes/outlives-constraint	9e01cc7974e365ad21e8eeaa2de44523c033be5ca2022c515f4c916c26d8678a	0	1	0.48021814	0.5197818	50
train	synthetic/curriculum/lifetimes/closure-return	014facaa2d913105f079134b4ce00b25dec50eba1e24cdcc5e440aea0cbbe212	1	1	0.44015232	0.55984765	38
train	synthetic/curriculum/lifetimes/closure-return	eff84cc802f3c09ba2ac4e0abb42c687640ccb77ef33cee7686f8892508f082a	0	1	0.46839917	0.53160083	33
train	synthetic/curriculum/lifetimes/struct-owner-scope	b3dc762fbae7faad982e1f5cf57d4cd54cadce07fb3915280aaa3a1f40dd5432	1	1	0.4845765	0.51542354	43
train	synthetic/curriculum/lifetimes/struct-owner-scope	b3d6c10370f07255d33e113aa9c1da6b52b54842a66a8072c20f61055ec8878f	0	1	0.49805456	0.5019454	43
train	synthetic/curriculum/lifetimes/iterator-return	b073e4f2be81979d6d4a79e4950faa8b8a19050b3b8a8bc6d761847fc84825b5	1	0	0.50075185	0.49924818	44
train	synthetic/curriculum/lifetimes/iterator-return	54a78b897e86d68b81b44045962ab5bd69a8e1f58615a07c5ff5a90580a3dce9	0	1	0.4996936	0.50030637	50
train	synthetic/curriculum/lifetimes/method-elision	8dbeb73b52f84a5b5c31164212d9fbe55d8ff90a444fdc573a445d1f673e900d	1	1	0.43420655	0.56579345	64
train	synthetic/curriculum/lifetimes/method-elision	1aa96f03752402c152efa89e1de7ea2b754fe2dc9f758946d5a1420f6d4fe754	0	0	0.57745516	0.4225448	55
train	synthetic/curriculum/pattern_matching/enum-exhaustive	a9d1360303148a4dfa40db3e5feedddc6057d95140d655c1c26ab7f325939229	1	1	0.38474876	0.61525124	66
train	synthetic/curriculum/pattern_matching/enum-exhaustive	4b7d02961c2ea66b54a2d876797e2c12656e658f265bfa542a0e6db29a0c70af	0	1	0.48892063	0.5110794	53
train	synthetic/curriculum/pattern_matching/option-refutable	a1ef8c32149964e65d818c6b01d55cbc2a8e70d2f954a62cfe36aef3048781b8	1	0	0.5147902	0.4852098	25
train	synthetic/curriculum/pattern_matching/option-refutable	b1b2d8847c08a715d0d9716717de4e5c6b2194ed2126f109d1bf85bc54a192d8	0	0	0.549042	0.45095798	20
train	synthetic/curriculum/pattern_matching/arm-unification	cbb5bff6315cf5fbcba69592b2db1a41ffef5f03ac9d619343ef4cbc04365466	1	1	0.4491826	0.5508174	37
train	synthetic/curriculum/pattern_matching/arm-unification	f01025278a7562bdfaaacf71f3b4f9580b599cc3e4c452303bb9ec35cce1165c	0	0	0.54479355	0.45520645	41
train	synthetic/curriculum/pattern_matching/guard-type	46b22b1c16a5ef719382940c52d3a129519b32d1f7281ee9367e15d900cd9374	1	0	0.5057025	0.49429747	31
train	synthetic/curriculum/pattern_matching/guard-type	efab0965cc5efc157b2903183198a136d3a133cbef0071a8ac163a82c0217ae3	0	0	0.54255533	0.45744467	29
train	synthetic/curriculum/pattern_matching/destructure-length	9bdd65728376bd024dcb77bc9bd978e32ff0569b4f5adf5db1c5e2225b6b4b97	1	0	0.53364295	0.46635708	27
train	synthetic/curriculum/pattern_matching/destructure-length	95585334ed2111561e72a4bc5c92ed4c2678a5f8b5267c7e51b8204780ad6a92	0	0	0.52284086	0.4771592	23
train	synthetic/curriculum/pattern_matching/struct-field	65a88ca61746fa8e16d9fea50b84fc7549de1775bc10f7d307f0f4d04fe474c2	1	1	0.45928776	0.5407122	47
train	synthetic/curriculum/pattern_matching/struct-field	8ab18322989c7c2519863e64e5baa72b3adceaf3f0d145198702f6ec237b9ac7	0	0	0.5038492	0.49615073	47
train	synthetic/curriculum/pattern_matching/tuple-arity	bc24ea94bc69c2511927fc2b740bf2e1dab2bc6777ac81a0d464421c21cbc01c	1	1	0.4957121	0.5042879	55
train	synthetic/curriculum/pattern_matching/tuple-arity	d48d1635c6757cb1b2318e8e880811952fe2da059b53ed1c7ddb1ef231d68d84	0	0	0.5148419	0.48515806	50
train	synthetic/curriculum/pattern_matching/pattern-type	4941a16cd0f71942d66cf167ee2a0d787448f851ce52dfd4d885369010f644ad	1	1	0.47694373	0.52305627	22
train	synthetic/curriculum/pattern_matching/pattern-type	4927fe15fd57f23804fc29b838991c73f1c0c46cb3f7ef2d8021c120e3778027	0	0	0.6012837	0.3987163	24
train	synthetic/curriculum/pattern_matching/borrow-pattern	f923dd0bfb560569d99367f4332c14f2deb9c5c18fd610f67135ab5f33c63054	1	1	0.49737018	0.5026298	47
train	synthetic/curriculum/pattern_matching/borrow-pattern	5699d691f0c2891649f8b170b89e30db5657064f1a436f29acd9afb1c3bf6ffb	0	0	0.5235323	0.47646776	44
train	synthetic/curriculum/pattern_matching/let-else-diverge	efa2942b72f111f58d5a9b7e07654539619998c9d5db85c165a1f2939cbf4688	1	0	0.52004486	0.47995514	25
train	synthetic/curriculum/pattern_matching/let-else-diverge	d23e9e0feb7230df167c7cd0204f937a577c5c985b05bd6003dd45135af6571a	0	0	0.58459103	0.41540894	22
train	synthetic/curriculum/pattern_matching/or-binding	d26dbe8dd5ee93984442acbbcf1ee3e46508307c4586f3db91398343b2806deb	1	1	0.4828081	0.5171919	40
train	synthetic/curriculum/pattern_matching/or-binding	28718eadac6c134cfe196e34484cc61f01539f3f4f90b6fdd0f2d3841a631b63	0	0	0.61545813	0.38454184	28
train	synthetic/curriculum/pattern_matching/mutable-destructure	d6fdf04f0cb2088499b8b56084bb02a3ddd986daa880688355831e5818c6ef9b	1	0	0.5221396	0.47786036	26
train	synthetic/curriculum/pattern_matching/mutable-destructure	89423e5ea3e3198768214298c301acfeb27a14ee6fc193406c3a523c65165e96	0	0	0.55185795	0.4481421	25
train	synthetic/curriculum/closures/fn-mut-capture	261dd2b15c52d783afba1361b1d11e87565fde21ab17508e812ed7199a7db5e8	1	1	0.40702215	0.5929779	45
train	synthetic/curriculum/closures/fn-mut-capture	f81911c1089c49759d2378b81a4dfcaa67ccd352eec0b0e9bc277f829434f3fe	0	1	0.4852326	0.51476747	42
train	synthetic/curriculum/closures/fn-once-consume	d4caaa6a79c2e76ca4b039da99d6c330ea6a782f13a930631bb6a17086d79b3d	1	1	0.4561936	0.5438064	45
train	synthetic/curriculum/closures/fn-once-consume	df17bda75cfbb4d0766f85c76feda2ac40df6aacbea3c0e82cee7e593d083509	0	1	0.48574913	0.5142509	45
train	synthetic/curriculum/closures/binding-mutability	890d7441e490ba85a84551c5322ce1acfdb9ff73df5e3415b004ba652e8427b4	1	1	0.4863171	0.5136829	32
train	synthetic/curriculum/closures/binding-mutability	c93ddaaf93c1c22f5cda66eae45c8780cb3a2ea3606ccfcee4380d857981692f	0	0	0.5477912	0.4522088	31
train	synthetic/curriculum/closures/capture-to-pointer	14130ed0cfae841f6e7d2f4fcda250986c12851c01bafdec5179beab45fa28ef	1	0	0.5308419	0.4691581	24
train	synthetic/curriculum/closures/capture-to-pointer	38c7737f08f1c9c44c543a92656131732ba3d6feee7b9abfd2db4171939f66fb	0	0	0.5345258	0.4654742	32
train	synthetic/curriculum/closures/return-type	6401d8be2a670d33dc8374c23b970036819438899b132ca646cf937422944b9d	1	0	0.5113091	0.48869094	25
train	synthetic/curriculum/closures/return-type	53b6c267093e21202b63774063821794ea689344181d4076e4214a5527874d7a	0	0	0.5765121	0.4234879	28
train	synthetic/curriculum/closures/argument-lock	9227ecc18400877f140d58869a2862a71b8e9423d5bd501e345f1d2825c752a6	1	1	0.43559766	0.56440234	24
train	synthetic/curriculum/closures/argument-lock	92cbb55f17d478cfc95642da23df249ac4ec718b6497bb104b8f0fd6d63a5f87	0	0	0.6008024	0.39919752	25
train	synthetic/curriculum/closures/call-once	4bf9607ad03168ce8968348a5b967eb7fc5374ea78b03e344cd631378517f5ac	1	0	0.5775048	0.4224952	26
train	synthetic/curriculum/closures/call-once	fc50f6a9e774885b44fb63c6960592b07882babee967ef5be0725ef0cdd2aeef	0	0	0.563123	0.43687704	29
train	synthetic/curriculum/closures/move-owner	b0b98fd60479a708cfa48cfa84bff3baef674cae5353a4453938235a0ba8a826	1	0	0.57697785	0.42302218	31
train	synthetic/curriculum/closures/move-owner	b221624f47bb0ff576fb419a66e50d4d829cd2eb310e14aafedf8ac55b94cb66	0	0	0.5735078	0.42649215	35
train	synthetic/curriculum/closures/boxed-lifetime	e9c2f7f9ee92bcaca74b2f1d0c03312f5e796363b6dc1ccb22b9df4460846872	1	1	0.4957579	0.5042421	51
train	synthetic/curriculum/closures/boxed-lifetime	f02673446d4acf3f91350666a56127963381a06ece3a04d72ce85c1824f1450e	0	0	0.5016815	0.49831852	47
train	synthetic/curriculum/closures/send-capture	68e5bbc5f58aa1668456e7c5cd819672cf1b8de58f02d8d76d7b84b5d0db833a	1	1	0.4698611	0.53013885	57
train	synthetic/curriculum/closures/send-capture	b029168f8fbbbcf02f58af44fa7241f11c2e8a7d89be4d9338c39602fa792e8d	0	0	0.53763366	0.46236634	54
train	synthetic/curriculum/closures/argument-arity	1cbc4ee855c33bc83b85fe557aaaf99000d7442a04e8d1c5601343bd143db7e9	1	1	0.49962562	0.5003744	27
train	synthetic/curriculum/closures/argument-arity	8d3e7182569306ed8340608fa26006a6c4c2ac49e17837b6f8a847da29780384	0	1	0.4987018	0.5012982	25
train	synthetic/curriculum/closures/mutable-reference	dd4ed2bbd95cf791ce3df9a3627b16d008cb3ed14049555f34afa1b4c98a411d	1	1	0.4871928	0.51280713	29
train	synthetic/curriculum/closures/mutable-reference	b7112d55fc06abb30315a8c014125712bc3d3381396f2a56ed2051035956e3fe	0	0	0.5612959	0.43870404	28
train	synthetic/curriculum/iterators/collect-item	39e174c6aec1e81c5bee558512c147cd5c7f4ae95420c382b73323efd56caa7d	1	0	0.5310041	0.46899596	32
train	synthetic/curriculum/iterators/collect-item	a2a5db7bfe125372db75afe0fde78b3e3b85a2feee14d989e3d166ab7eead4dc	0	0	0.54194975	0.45805022	32
train	synthetic/curriculum/iterators/filter-predicate	8af901abd167498d8b0ad562b2cb775d6e88c7f1af4783aabee65272dd145786	1	1	0.49660283	0.50339717	32
train	synthetic/curriculum/iterators/filter-predicate	903ae2dc8ade33bb6d9009773dd1e4efd315d059d3bbb0b285063907d2ba2882	0	0	0.50384724	0.49615273	32
train	synthetic/curriculum/iterators/fold-accumulator	4e1522773f741dce35a46e7c555ca3e37c234f47f622f0c2a626c98771b14d68	1	1	0.4884856	0.5115144	29
train	synthetic/curriculum/iterators/fold-accumulator	9ff8e93e5feebb19361ed1ec3cad587ae6e5b3fd0d7b73797f7bb980dfb4c5ad	0	1	0.49347308	0.5065269	31
train	synthetic/curriculum/iterators/mutable-items	a08222c575ddb98d5fc3070eff150bc271f760894e4fd5f4e782e1e4a57dd26b	1	1	0.45928487	0.54071516	34
train	synthetic/curriculum/iterators/mutable-items	b0ec9b0c2c9e69d43f05b39d41c85111e487dc1a757d334b376e7344d7003cfb	0	0	0.504441	0.49555895	31
train	synthetic/curriculum/iterators/consumed-iterator	ff4bb02df2a3e92571779ddfac3ee1565cc80624a1a00573674163cda74fbc9f	1	1	0.441271	0.55872905	39
train	synthetic/curriculum/iterators/consumed-iterator	18ea7831925c5d1d642fe8fd2cb4892030173e991ca5ca2001604ec075dcb9e4	0	1	0.4621079	0.5378921	32
train	synthetic/curriculum/iterators/chain-item	f34093226066870b39d4d9b761f10cdeb84c5caf10c6ed2614e982520ecaa7a1	1	0	0.5401098	0.4598902	31
train	synthetic/curriculum/iterators/chain-item	e973d3700495f39911a04509b1a6034431fdb3b8ec8c21a217a448af865d9e55	0	0	0.5359523	0.4640477	31
train	synthetic/curriculum/iterators/sum-type	cba0674d1e8364f3a927e2a66770287d10565e40a43d6616305a2f676b8137ec	1	1	0.4660737	0.5339263	20
train	synthetic/curriculum/iterators/sum-type	26f47b338c6277a56640e69e9abec62411d7ca826979cd7f97ba8496949da71f	0	0	0.5560951	0.44390485	22
train	synthetic/curriculum/iterators/flat-map-output	df658bcb4b9ba9d27f5b4117c772e714cacb6cd8f74f8c8ad73d16468ce634de	1	1	0.45584232	0.5441577	34
train	synthetic/curriculum/iterators/flat-map-output	f17ff09cf908fca3e032183db605344304fa100fa44050c6f88c73b0da086828	0	0	0.5241862	0.47581387	31
train	synthetic/curriculum/iterators/take-argument	fdd23935d70348715f03b7990d8b1011fed9d2b16cf3049c38d9f96356e0daa8	1	1	0.4752891	0.5247109	27
train	synthetic/curriculum/iterators/take-argument	7aa3384a2dd8f1e34c756f8d5a9f6a7164a29e60757fb5ea52b6d9e80461936a	0	0	0.5108348	0.4891652	26
train	synthetic/curriculum/iterators/enumerate-item	3472a87c9151524cbf9880f82d10490b0dd972058c0c904dcfa89f84c0c3a800	1	0	0.5186165	0.48138356	35
train	synthetic/curriculum/iterators/enumerate-item	0d6b006f7b2446aa0519bf9f06ce99b5244a2ce39a0dcbae63642e347a5a7522	0	0	0.54736686	0.45263314	30
train	synthetic/curriculum/iterators/copied-bound	7f4e3426db5f677abdc13b400c0bb30ff0948ca741e368f0c629e2ce004614a3	1	0	0.510648	0.489352	36
train	synthetic/curriculum/iterators/copied-bound	511d792907949e9ad1225630f56336e57251951435896e3bac11efa15230e569	0	0	0.53276545	0.46723458	35
train	synthetic/curriculum/iterators/next-mutability	fe0bec443b2ee66838d3ec8b8e799d94ca893f2260855582f80a1827bfc363f4	1	1	0.43440032	0.5655997	29
train	synthetic/curriculum/iterators/next-mutability	036891da243b699848db9b34dab2e9e61025476e0c9143454a7848c50ed93987	0	1	0.49475515	0.50524485	28
train	synthetic/curriculum/error_handling/option-question	0bf57fb8655b4dc73fb9c2f23deebc52928ab75636bbf8c7273f1bcd081fc288	1	0	0.5125165	0.48748347	29
train	synthetic/curriculum/error_handling/option-question	7a00289b06bf23734e92f543e95a0749403e1d48563b37ab28b9d7d98907c5eb	0	0	0.6109892	0.3890108	20
train	synthetic/curriculum/error_handling/result-question	5691a6e3bf3da68d7f41f07644c193b05cf4318023e9b568e47f45b242e8f833	1	1	0.4457432	0.5542568	39
train	synthetic/curriculum/error_handling/result-question	01b3aea1ef65e46a27004aef530b52ebf3147b0536d81d389ba6f1a0d9df6d24	0	0	0.530969	0.46903092	27
train	synthetic/curriculum/error_handling/residual-conversion	ae1022be8771d7f3817e33ae4478f1c242589eda38ed9c9adfc3a0c3c8c0cdd8	1	1	0.46832845	0.5316716	40
train	synthetic/curriculum/error_handling/residual-conversion	f7a3b74008fc6a487cc2efc0a5a42f16efe15be88b1dc1f11ec380d0e5d682dc	0	0	0.53072333	0.46927667	33
train	synthetic/curriculum/error_handling/error-conversion	bc3d94c8eb9a7cdf0568b2d8c159bebca74517be7c7c4a3f4332bf335ce20b8a	1	1	0.39650482	0.6034952	59
train	synthetic/curriculum/error_handling/error-conversion	9da5af8b9e4895c6fdb2db33928b9eb912576d84f8388512da370d6ea92c8200	0	1	0.4947902	0.5052098	40
train	synthetic/curriculum/error_handling/ok-value	fb9d6658e7a6ec91fc964fd4bbba9266d18b2b4e07f3ca1abbbd79c8b4e57401	1	1	0.3317896	0.6682104	21
train	synthetic/curriculum/error_handling/ok-value	3bf9e3ddf24eecf99fb66ec54bd4b893dce19a41ebb46921e918519cd9aa125c	0	0	0.5731587	0.4268413	22
train	synthetic/curriculum/error_handling/err-value	39ad6ea74e501371035863ed54daa29d56602311d3eb786e4ea57c93eb92cfd2	1	0	0.54942364	0.4505764	27
train	synthetic/curriculum/error_handling/err-value	0ffb0a0f6d99268de16948a61946aebafe69aa0fe265f6ec2593118b9bb0a32e	0	0	0.5613321	0.4386679	21
train	synthetic/curriculum/error_handling/and-then-option	64b679441b725ab9f0d60536cd75b32a2a09e2c8c9390da56a8a3036f932cd82	1	0	0.5409231	0.45907682	25
train	synthetic/curriculum/error_handling/and-then-option	8af96a937bc3bd646b5eda4d54fc623ffffe1bc04f17bef876a34774bcdcab7b	0	0	0.5976734	0.40232658	23
train	synthetic/curriculum/error_handling/and-then-result	26d86b2ca6b70631aaabc9061dc5826a3013378fdd89a831f358ecd1afc096de	1	1	0.44317392	0.55682606	32
train	synthetic/curriculum/error_handling/and-then-result	810a851afaedc55e5168f7c795d7c772a67ee5ed7c7ce1297536c1015f4007c1	0	0	0.5153945	0.4846055	28
train	synthetic/curriculum/error_handling/unwrap-default	7fa98211b81f00475959fb06670b9784cded3827e1f96e531795ce0901b3155f	1	1	0.46111643	0.5388835	20
train	synthetic/curriculum/error_handling/unwrap-default	43e06b994320925c4db9d2a7de1475cc78b8fdcaa701e28db9d90282ba3cf5d7	0	0	0.66050595	0.339494	22
train	synthetic/curriculum/error_handling/transpose-shape	6f68c8694f40cd2854957f4d75a69a6bba8875aef47afad6866505ac7a0bd110	1	1	0.44396213	0.5560379	24
train	synthetic/curriculum/error_handling/transpose-shape	5342a4e49f13ec7970f1ae759b72c6dc07249b024a892d48beaab0797e1e036a	0	0	0.5850347	0.41496533	17
train	synthetic/curriculum/error_handling/question-option-result	0ec1c7f69a7b1864e5768e8bdafc16205d2d7e301287a40ed11c43b684397f77	1	1	0.42480662	0.57519335	38
train	synthetic/curriculum/error_handling/question-option-result	476ca6ddb490aa58ade938ff1879d0c6917beb8d2b93942e99b3d8d94b778473	0	1	0.47510502	0.52489495	35
train	synthetic/curriculum/error_handling/recover-error	fd498c2178dffc0fa6dbd99ae864154275f61a10230a75f2f90d06b6beb6f229	1	1	0.45148128	0.54851866	38
train	synthetic/curriculum/error_handling/recover-error	eee0ce58bcfe51d129a00311f77b1147cbc854a2871f57cc929a597b8dc8d186	0	0	0.52714866	0.47285134	40
validation	synthetic/curriculum/smart_pointers/rc-write	1551fde53e3df56e1840790f1cb16da73071f972ffbd0ea767d4a315cb8fe343	1	1	0.48918405	0.5108159	45
validation	synthetic/curriculum/smart_pointers/rc-write	1eace8301f8916096f3c331981cc1fed5c5e7219d78a2b9614c3d57f2e5e3f32	0	0	0.5359066	0.4640934	25
validation	synthetic/curriculum/smart_pointers/arc-write	6765ed82f31a1beec6705d8aac82283a75b63ef5287e41d941c4ca3bc4f6bd10	1	1	0.37894112	0.62105894	59
validation	synthetic/curriculum/smart_pointers/arc-write	cde7c7fabd3b9f72f1d0c7d8f102e09dc0ce0275e1c06a704a8286e4fdd17eee	0	1	0.46284482	0.53715515	28
validation	synthetic/curriculum/smart_pointers/refcell-guard	0bdbb95e7325c73e4e63350f383c14a435f368d822d175c3980a8e344144e84f	1	0	0.53449863	0.4655013	41
validation	synthetic/curriculum/smart_pointers/refcell-guard	bd7381c58aa93f57348f320c080bf8107d79fd769c169df7e61bccc75544e615	0	0	0.53804135	0.46195865	38
validation	synthetic/curriculum/smart_pointers/cell-copy	6c046888e62ecc77206b6326ce82774a93eb32894d9dfe023d3e33646b63190a	1	1	0.47544774	0.5245522	38
validation	synthetic/curriculum/smart_pointers/cell-copy	f4e0e5a6202022589ef865dfcdd0f6abcca919a4347581a33511d1f6b15146a4	0	0	0.51856464	0.48143533	37
validation	synthetic/curriculum/smart_pointers/weak-upgrade	fdf9b36575dd5309cf6065e1963227ab74f36038e9b3566b96ae0ac4697a329b	1	1	0.4458851	0.5541149	82
validation	synthetic/curriculum/smart_pointers/weak-upgrade	837f106c020d1e22136d5855c167fac0c7e2924aee4c4e269b2bed2b0f9ca4fd	0	1	0.4490203	0.55097973	68
validation	synthetic/curriculum/smart_pointers/box-deref	ff11781605aef6e5fd5b30f030bd3d9cfed3310c16a1bea2df0e941c262fe8c8	1	1	0.4422527	0.5577473	24
validation	synthetic/curriculum/smart_pointers/box-deref	210404ef39ae377e5f4273a0bad309332405c143db68ec505f6aa08bbef392a7	0	1	0.45013297	0.549867	23
validation	synthetic/curriculum/smart_pointers/box-mut	10e26f8b752cf18f2282caaa3c7906f4d31c52ace058d0e2b64d2349188cc1f8	1	0	0.52839696	0.4716031	21
validation	synthetic/curriculum/smart_pointers/box-mut	3240323158b7302ba49cb61b3f4c1549a7bad85b2a4c81f7a78f05793a722ad5	0	0	0.57477474	0.42522526	20
validation	synthetic/curriculum/smart_pointers/rc-move-out	a3b2773257078d5ebd29bfb9e322faaa235d5fc749043d6c4978f9ccfbc20295	1	1	0.48395172	0.5160483	48
validation	synthetic/curriculum/smart_pointers/rc-move-out	cca73753fb6e512fd5861b5dfb1d58d9735059342a5909acf33912078f2b8cd3	0	0	0.5328393	0.46716076	41
validation	synthetic/curriculum/smart_pointers/cow-mutation	0a5ce43fa9cc3743839c2636f97db155dd275b7b8822ee952c75bdbcfbb26d5f	1	1	0.47175974	0.5282402	64
validation	synthetic/curriculum/smart_pointers/cow-mutation	2df1b32e8a200e4a9e9f6cf7172ed978d57f2a918dff64329441ca3c966bb467	0	0	0.56558007	0.43441996	57
validation	synthetic/curriculum/smart_pointers/refcell-ref-type	8f2998a563cda39b8ef8670f8122935507bab398dc03aa6d445c327e25b564d5	1	0	0.5024877	0.49751228	55
validation	synthetic/curriculum/smart_pointers/refcell-ref-type	e2e45854a9d04b712f01e6aa047050fb6b71b7ac4239975dfc8d6ee328fff1c8	0	0	0.54798687	0.4520131	41
validation	synthetic/curriculum/smart_pointers/mutex-guard-type	c413f1f08438282d63726c42a2bd80853892a8930d5e9779056282caf850f2b5	1	0	0.5004508	0.4995492	44
validation	synthetic/curriculum/smart_pointers/mutex-guard-type	12edf9f04cc18bc4b75f4ee6479703d663747d614468a8df01381d5d8fb4745b	0	1	0.480903	0.519097	43
validation	synthetic/curriculum/smart_pointers/pin-unpin	4f76148c1447148c7e387a2fdf1266615fdfc4500f3ee52ead2cadff45ed0d18	1	1	0.4368334	0.5631666	38
validation	synthetic/curriculum/smart_pointers/pin-unpin	27dd6540bb36dfcc9e6b01f384ac9c28d2bbfc89864deb6cd3fd6efc2a6c5ec0	0	1	0.41408384	0.5859161	53
validation	synthetic/curriculum/async_futures/await-context	8d29601b79a7fbb07a19cf3c40a4ca69464c890938a20e7ab1d12d888024cbda	1	0	0.50054276	0.4994572	37
validation	synthetic/curriculum/async_futures/await-context	42b5b65538f793ba890532b7cff0c77072ab477744844db679744f94029f64b2	0	1	0.49129468	0.50870526	31
validation	synthetic/curriculum/async_futures/await-future	d45782ddb43052a926ff9a6c9d78690c96e920f667c7136e20c8d13b0b33737c	1	0	0.5000143	0.49998572	37
validation	synthetic/curriculum/async_futures/await-future	0967acbc51f56fa6c20d41fb94a97d9bedb1c5355ae3fa8fba1e8c9b91465698	0	0	0.5473413	0.45265877	25
validation	synthetic/curriculum/async_futures/future-output	e4577cd9381c4f707874a29539df70fdb1437ad46982ed1e32c40a9f160ae4a5	1	0	0.5144717	0.48552835	37
validation	synthetic/curriculum/async_futures/future-output	027296ec0c645926abeba08c2f58103b62985803468f3c7f7cb32a24b6020d98	0	0	0.5451974	0.4548026	40
validation	synthetic/curriculum/async_futures/future-value	6c65af1e918483549dbf0929c6d29689138cd090270bd91e589b3f35253629fe	1	0	0.5138671	0.4861329	41
validation	synthetic/curriculum/async_futures/future-value	9f2e1cc04f36983143e6406b1419620d29e60aad328e089769d43ba492a0d48a	0	0	0.54578114	0.4542189	35
validation	synthetic/curriculum/async_futures/future-bound	f80acd9240438701ac5efa2c7429e23bafb1d46b014c6eda5e59f02bafdeec92	1	1	0.3547778	0.6452222	61
validation	synthetic/curriculum/async_futures/future-bound	47e320f9d827b8a945a928372b5d8ed7447be026fad0a7cf29f9e4873fe4fb80	0	1	0.4040158	0.59598416	66
validation	synthetic/curriculum/async_futures/async-move	7a60e1fcf6ac61833dea9853b247aaa6fb3f569e135aaa1314331411ecd8591c	1	1	0.34532633	0.6546737	63
validation	synthetic/curriculum/async_futures/async-move	75d8bade38bb77e350216bd2c6c6c0f06032d01bedb69dfe228a709086b031ce	0	1	0.36869538	0.6313046	58
validation	synthetic/curriculum/async_futures/await-once	03dd03a164a97605ee28e383f950a1d6ed05c668a9f30677237daf19d8d2281c	1	1	0.47719958	0.5228004	42
validation	synthetic/curriculum/async_futures/await-once	4db534cd9ee0dedbc6c67bafd7d40fb5554a07ef71962e87989c5bfd128a18f6	0	1	0.4635253	0.5364747	51
validation	synthetic/curriculum/async_futures/async-question	6a5d027a4b62e33cdf55ad14ca5f63511306e1ec856448d7e9b3c903d25c3456	1	1	0.4257962	0.5742038	44
validation	synthetic/curriculum/async_futures/async-question	9402451f199b0b1008868c76865cb98ade640538120bc5a114bc7e44a5f27c02	0	1	0.47332343	0.5266766	32
validation	synthetic/curriculum/async_futures/ready-pin	1e55e7923a605bbe45314162055439afcaf7fd0a574513ad4a9bab4ff52d4a80	1	1	0.41041538	0.58958465	97
validation	synthetic/curriculum/async_futures/ready-pin	3ee0644b4275853b2bef5515640d2c6b41dc2e8c039530957a097ae61f5c51b8	0	1	0.39909577	0.60090417	84
validation	synthetic/curriculum/async_futures/boxed-future	369811c2330e8d7be3ee360cbcfae91a3311d94a745c93cf5f82b31261df8208	1	1	0.36453944	0.63546056	86
validation	synthetic/curriculum/async_futures/boxed-future	d0afed51356c7bf45eec79ee4ae92781f329a55af8ba7c23289a9cc0644341a5	0	1	0.36380938	0.63619065	75
validation	synthetic/curriculum/async_futures/opaque-futures	5b9beaf9e6d66ac15874f0b7e30a90e9ea8b57fa5b4fbbe7655d62fb8046c41f	1	1	0.3619907	0.6380093	89
validation	synthetic/curriculum/async_futures/opaque-futures	d8d01c0712e009ab06af5f325bf81ec95db27e668377f3d7faf492ac6efe57bb	0	0	0.50617987	0.4938201	29
validation	synthetic/curriculum/async_futures/poll-return	105115e913ca76d0f29ecac8f6977cb610a41f8f5054bba95880944c18630841	1	1	0.38888782	0.6111121	141
validation	synthetic/curriculum/async_futures/poll-return	62f719425135ae7ce98044c65d62f911f39740b82a82de9a7212fe1ce12236bb	0	1	0.4103397	0.58966035	121
