epoch	updates	train_rows_seen	emitted_tokens	train_count	train_correct	train_nll	validation_count	validation_correct	validation_nll
1	192	192	7373	192	105	0.692421165301162	48	26	0.6932933304839589
2	384	384	14746	192	96	0.6923076961420226	48	24	0.6933768833609161
3	576	576	22119	192	96	0.6913160248096593	48	24	0.6930092794709787
4	768	768	29492	192	102	0.6902232271658354	48	23	0.6923938765364074
5	960	960	36865	192	124	0.6889905514367173	48	27	0.6919331130830981
6	1152	1152	44238	192	131	0.687092598923536	48	27	0.6910448117372571
7	1344	1344	51611	192	119	0.6826546115086208	48	26	0.6887626561766399
8	1536	1536	58984	192	122	0.6761777926056457	48	27	0.6868725089383368
9	1728	1728	66357	192	128	0.6645683372133645	48	27	0.6826299393145138
10	1920	1920	73730	192	133	0.6477653119532608	48	28	0.6816752799026394
11	2112	2112	81103	192	151	0.6212691657762617	48	27	0.6739223638070438
12	2304	2304	88476	192	159	0.59130105464723	48	26	0.674030001567937
13	2496	2496	95849	192	147	0.5591981157847642	48	30	0.6847083746063877
14	2688	2688	103222	192	162	0.5074751285624682	48	30	0.6794278336478281
15	2880	2880	110595	192	169	0.46408752110999485	48	26	0.6983145201662095
16	3072	3072	117968	192	174	0.4268467624358964	48	29	0.7099571231213417
17	3264	3264	125341	192	176	0.38278341065115956	48	29	0.7371523040230489
18	3456	3456	132714	192	150	0.414626063659038	48	26	0.8050836943647712
19	3648	3648	140087	192	185	0.3187238876761131	48	26	0.7850302481001862
20	3840	3840	147460	192	175	0.30952447635390645	48	28	0.8302828535522185
21	4032	4032	154833	192	182	0.2729043323962649	48	28	0.864720710370336
22	4224	4224	162206	192	185	0.24104800455797834	48	28	0.90088160967993
23	4416	4416	169579	192	186	0.2240507616259119	48	27	0.9412910680322577
24	4608	4608	176952	192	185	0.20633561326355912	48	29	1.0113297730097217
