seed,tokens,sample,elapsed_ns,p0,p1,p2
1,16,0,162904,0.35327712,0.32228693,0.32443595
1,16,1,163104,0.35327712,0.32228693,0.32443595
1,16,2,163473,0.35327712,0.32228693,0.32443595
1,16,3,165878,0.35327712,0.32228693,0.32443595
1,16,4,224072,0.35327712,0.32228693,0.32443595
1,16,5,163416,0.35327712,0.32228693,0.32443595
1,16,6,162804,0.35327712,0.32228693,0.32443595
1,16,7,162783,0.35327712,0.32228693,0.32443595
1,16,8,162968,0.35327712,0.32228693,0.32443595
1,16,9,162825,0.35327712,0.32228693,0.32443595
1,16,10,195750,0.35327712,0.32228693,0.32443595
1,16,11,159315,0.35327712,0.32228693,0.32443595
1,16,12,162509,0.35327712,0.32228693,0.32443595
1,16,13,162563,0.35327712,0.32228693,0.32443595
1,16,14,162549,0.35327712,0.32228693,0.32443595
1,16,15,177431,0.35327712,0.32228693,0.32443595
1,16,16,162940,0.35327712,0.32228693,0.32443595
1,16,17,162654,0.35327712,0.32228693,0.32443595
1,16,18,162579,0.35327712,0.32228693,0.32443595
1,16,19,162614,0.35327712,0.32228693,0.32443595
1,16,20,162696,0.35327712,0.32228693,0.32443595
1,16,21,177702,0.35327712,0.32228693,0.32443595
1,16,22,163189,0.35327712,0.32228693,0.32443595
1,16,23,163069,0.35327712,0.32228693,0.32443595
1,16,24,161585,0.35327712,0.32228693,0.32443595
1,16,25,162895,0.35327712,0.32228693,0.32443595
1,16,26,162060,0.35327712,0.32228693,0.32443595
1,16,27,161232,0.35327712,0.32228693,0.32443595
1,16,28,220367,0.35327712,0.32228693,0.32443595
1,16,29,162744,0.35327712,0.32228693,0.32443595
1,16,30,162488,0.35327712,0.32228693,0.32443595
1,16,31,162388,0.35327712,0.32228693,0.32443595
1,16,32,158856,0.35327712,0.32228693,0.32443595
1,16,33,184869,0.35327712,0.32228693,0.32443595
1,16,34,162730,0.35327712,0.32228693,0.32443595
1,16,35,163107,0.35327712,0.32228693,0.32443595
1,16,36,162848,0.35327712,0.32228693,0.32443595
1,16,37,162442,0.35327712,0.32228693,0.32443595
1,16,38,162976,0.35327712,0.32228693,0.32443595
1,16,39,177422,0.35327712,0.32228693,0.32443595
1,16,40,159440,0.35327712,0.32228693,0.32443595
1,16,41,162688,0.35327712,0.32228693,0.32443595
1,16,42,162709,0.35327712,0.32228693,0.32443595
1,16,43,162722,0.35327712,0.32228693,0.32443595
1,16,44,160217,0.35327712,0.32228693,0.32443595
1,16,45,176580,0.35327712,0.32228693,0.32443595
1,16,46,159576,0.35327712,0.32228693,0.32443595
1,16,47,162827,0.35327712,0.32228693,0.32443595
1,16,48,162033,0.35327712,0.32228693,0.32443595
1,16,49,162979,0.35327712,0.32228693,0.32443595
1,16,50,162913,0.35327712,0.32228693,0.32443595
1,16,51,178356,0.35327712,0.32228693,0.32443595
1,16,52,254267,0.35327712,0.32228693,0.32443595
1,16,53,195884,0.35327712,0.32228693,0.32443595
1,16,54,199299,0.35327712,0.32228693,0.32443595
1,16,55,162047,0.35327712,0.32228693,0.32443595
1,16,56,185491,0.35327712,0.32228693,0.32443595
1,16,57,159972,0.35327712,0.32228693,0.32443595
1,16,58,161991,0.35327712,0.32228693,0.32443595
1,16,59,163030,0.35327712,0.32228693,0.32443595
1,16,60,162715,0.35327712,0.32228693,0.32443595
1,16,61,163172,0.35327712,0.32228693,0.32443595
1,16,62,182868,0.35327712,0.32228693,0.32443595
1,16,63,605006,0.35327712,0.32228693,0.32443595
1,16,64,229741,0.35327712,0.32228693,0.32443595
1,16,65,185338,0.35327712,0.32228693,0.32443595
1,16,66,163273,0.35327712,0.32228693,0.32443595
1,16,67,163402,0.35327712,0.32228693,0.32443595
1,16,68,163314,0.35327712,0.32228693,0.32443595
1,16,69,163121,0.35327712,0.32228693,0.32443595
1,16,70,229949,0.35327712,0.32228693,0.32443595
1,16,71,238665,0.35327712,0.32228693,0.32443595
1,16,72,163537,0.35327712,0.32228693,0.32443595
1,16,73,163164,0.35327712,0.32228693,0.32443595
1,16,74,163222,0.35327712,0.32228693,0.32443595
1,16,75,163092,0.35327712,0.32228693,0.32443595
1,16,76,184368,0.35327712,0.32228693,0.32443595
1,16,77,163014,0.35327712,0.32228693,0.32443595
1,16,78,162832,0.35327712,0.32228693,0.32443595
1,16,79,161957,0.35327712,0.32228693,0.32443595
1,16,80,163113,0.35327712,0.32228693,0.32443595
1,16,81,161462,0.35327712,0.32228693,0.32443595
1,16,82,178603,0.35327712,0.32228693,0.32443595
1,16,83,163061,0.35327712,0.32228693,0.32443595
1,16,84,162863,0.35327712,0.32228693,0.32443595
1,16,85,162857,0.35327712,0.32228693,0.32443595
1,16,86,162880,0.35327712,0.32228693,0.32443595
1,16,87,162808,0.35327712,0.32228693,0.32443595
1,16,88,181559,0.35327712,0.32228693,0.32443595
1,16,89,162444,0.35327712,0.32228693,0.32443595
1,16,90,162480,0.35327712,0.32228693,0.32443595
1,16,91,165027,0.35327712,0.32228693,0.32443595
1,16,92,168088,0.35327712,0.32228693,0.32443595
1,16,93,167781,0.35327712,0.32228693,0.32443595
1,16,94,220019,0.35327712,0.32228693,0.32443595
1,16,95,167671,0.35327712,0.32228693,0.32443595
1,16,96,167287,0.35327712,0.32228693,0.32443595
1,16,97,193895,0.35327712,0.32228693,0.32443595
1,16,98,165258,0.35327712,0.32228693,0.32443595
1,16,99,166810,0.35327712,0.32228693,0.32443595
1,64,0,634036,0.3501753,0.32330424,0.32652044
1,64,1,661946,0.3501753,0.32330424,0.32652044
1,64,2,640460,0.3501753,0.32330424,0.32652044
1,64,3,634508,0.3501753,0.32330424,0.32652044
1,64,4,646435,0.3501753,0.32330424,0.32652044
1,64,5,680517,0.3501753,0.32330424,0.32652044
1,64,6,638199,0.3501753,0.32330424,0.32652044
1,64,7,689879,0.3501753,0.32330424,0.32652044
1,64,8,605888,0.3501753,0.32330424,0.32652044
1,64,9,602530,0.3501753,0.32330424,0.32652044
1,64,10,646799,0.3501753,0.32330424,0.32652044
1,64,11,637712,0.3501753,0.32330424,0.32652044
1,64,12,651889,0.3501753,0.32330424,0.32652044
1,64,13,656906,0.3501753,0.32330424,0.32652044
1,64,14,656158,0.3501753,0.32330424,0.32652044
1,64,15,637551,0.3501753,0.32330424,0.32652044
1,64,16,647156,0.3501753,0.32330424,0.32652044
1,64,17,621062,0.3501753,0.32330424,0.32652044
1,64,18,684576,0.3501753,0.32330424,0.32652044
1,64,19,646792,0.3501753,0.32330424,0.32652044
1,64,20,619483,0.3501753,0.32330424,0.32652044
1,64,21,644210,0.3501753,0.32330424,0.32652044
1,64,22,647769,0.3501753,0.32330424,0.32652044
1,64,23,631771,0.3501753,0.32330424,0.32652044
1,64,24,687052,0.3501753,0.32330424,0.32652044
1,64,25,673082,0.3501753,0.32330424,0.32652044
1,64,26,644473,0.3501753,0.32330424,0.32652044
1,64,27,645966,0.3501753,0.32330424,0.32652044
1,64,28,647621,0.3501753,0.32330424,0.32652044
1,64,29,633210,0.3501753,0.32330424,0.32652044
1,64,30,664736,0.3501753,0.32330424,0.32652044
1,64,31,646470,0.3501753,0.32330424,0.32652044
1,64,32,631786,0.3501753,0.32330424,0.32652044
1,64,33,645808,0.3501753,0.32330424,0.32652044
1,64,34,678444,0.3501753,0.32330424,0.32652044
1,64,35,672303,0.3501753,0.32330424,0.32652044
1,64,36,709923,0.3501753,0.32330424,0.32652044
1,64,37,782853,0.3501753,0.32330424,0.32652044
1,64,38,676348,0.3501753,0.32330424,0.32652044
1,64,39,698235,0.3501753,0.32330424,0.32652044
1,64,40,682646,0.3501753,0.32330424,0.32652044
1,64,41,655685,0.3501753,0.32330424,0.32652044
1,64,42,694584,0.3501753,0.32330424,0.32652044
1,64,43,690804,0.3501753,0.32330424,0.32652044
1,64,44,635422,0.3501753,0.32330424,0.32652044
1,64,45,643748,0.3501753,0.32330424,0.32652044
1,64,46,646753,0.3501753,0.32330424,0.32652044
1,64,47,618326,0.3501753,0.32330424,0.32652044
1,64,48,663432,0.3501753,0.32330424,0.32652044
1,64,49,613506,0.3501753,0.32330424,0.32652044
1,64,50,578079,0.3501753,0.32330424,0.32652044
1,64,51,591086,0.3501753,0.32330424,0.32652044
1,64,52,595122,0.3501753,0.32330424,0.32652044
1,64,53,646244,0.3501753,0.32330424,0.32652044
1,64,54,661717,0.3501753,0.32330424,0.32652044
1,64,55,631140,0.3501753,0.32330424,0.32652044
1,64,56,669875,0.3501753,0.32330424,0.32652044
1,64,57,663459,0.3501753,0.32330424,0.32652044
1,64,58,630223,0.3501753,0.32330424,0.32652044
1,64,59,663810,0.3501753,0.32330424,0.32652044
1,64,60,691283,0.3501753,0.32330424,0.32652044
1,64,61,642643,0.3501753,0.32330424,0.32652044
1,64,62,666862,0.3501753,0.32330424,0.32652044
1,64,63,655835,0.3501753,0.32330424,0.32652044
1,64,64,642579,0.3501753,0.32330424,0.32652044
1,64,65,662281,0.3501753,0.32330424,0.32652044
1,64,66,675359,0.3501753,0.32330424,0.32652044
1,64,67,633274,0.3501753,0.32330424,0.32652044
1,64,68,645880,0.3501753,0.32330424,0.32652044
1,64,69,643555,0.3501753,0.32330424,0.32652044
1,64,70,652974,0.3501753,0.32330424,0.32652044
1,64,71,664411,0.3501753,0.32330424,0.32652044
1,64,72,617876,0.3501753,0.32330424,0.32652044
1,64,73,665269,0.3501753,0.32330424,0.32652044
1,64,74,643515,0.3501753,0.32330424,0.32652044
1,64,75,632164,0.3501753,0.32330424,0.32652044
1,64,76,642671,0.3501753,0.32330424,0.32652044
1,64,77,636732,0.3501753,0.32330424,0.32652044
1,64,78,621088,0.3501753,0.32330424,0.32652044
1,64,79,665806,0.3501753,0.32330424,0.32652044
1,64,80,644722,0.3501753,0.32330424,0.32652044
1,64,81,617979,0.3501753,0.32330424,0.32652044
1,64,82,643336,0.3501753,0.32330424,0.32652044
1,64,83,654517,0.3501753,0.32330424,0.32652044
1,64,84,652985,0.3501753,0.32330424,0.32652044
1,64,85,685904,0.3501753,0.32330424,0.32652044
1,64,86,657852,0.3501753,0.32330424,0.32652044
1,64,87,638313,0.3501753,0.32330424,0.32652044
1,64,88,664259,0.3501753,0.32330424,0.32652044
1,64,89,669212,0.3501753,0.32330424,0.32652044
1,64,90,656467,0.3501753,0.32330424,0.32652044
1,64,91,683340,0.3501753,0.32330424,0.32652044
1,64,92,655087,0.3501753,0.32330424,0.32652044
1,64,93,640599,0.3501753,0.32330424,0.32652044
1,64,94,825115,0.3501753,0.32330424,0.32652044
1,64,95,688276,0.3501753,0.32330424,0.32652044
1,64,96,641805,0.3501753,0.32330424,0.32652044
1,64,97,694011,0.3501753,0.32330424,0.32652044
1,64,98,687437,0.3501753,0.32330424,0.32652044
1,64,99,631758,0.3501753,0.32330424,0.32652044
1,128,0,1372513,0.3497216,0.32398254,0.32629585
1,128,1,1351818,0.3497216,0.32398254,0.32629585
1,128,2,1360631,0.3497216,0.32398254,0.32629585
1,128,3,1371639,0.3497216,0.32398254,0.32629585
1,128,4,1319305,0.3497216,0.32398254,0.32629585
1,128,5,1298580,0.3497216,0.32398254,0.32629585
1,128,6,1286031,0.3497216,0.32398254,0.32629585
1,128,7,1258158,0.3497216,0.32398254,0.32629585
1,128,8,1280293,0.3497216,0.32398254,0.32629585
1,128,9,1278271,0.3497216,0.32398254,0.32629585
1,128,10,1306586,0.3497216,0.32398254,0.32629585
1,128,11,1361063,0.3497216,0.32398254,0.32629585
1,128,12,1344123,0.3497216,0.32398254,0.32629585
1,128,13,1623695,0.3497216,0.32398254,0.32629585
1,128,14,1394442,0.3497216,0.32398254,0.32629585
1,128,15,1433458,0.3497216,0.32398254,0.32629585
1,128,16,1353093,0.3497216,0.32398254,0.32629585
1,128,17,1381090,0.3497216,0.32398254,0.32629585
1,128,18,1397053,0.3497216,0.32398254,0.32629585
1,128,19,1284795,0.3497216,0.32398254,0.32629585
1,128,20,1445859,0.3497216,0.32398254,0.32629585
1,128,21,1358035,0.3497216,0.32398254,0.32629585
1,128,22,1393219,0.3497216,0.32398254,0.32629585
1,128,23,1344072,0.3497216,0.32398254,0.32629585
1,128,24,1351628,0.3497216,0.32398254,0.32629585
1,128,25,1380874,0.3497216,0.32398254,0.32629585
1,128,26,1352047,0.3497216,0.32398254,0.32629585
1,128,27,1440413,0.3497216,0.32398254,0.32629585
1,128,28,1372867,0.3497216,0.32398254,0.32629585
1,128,29,1342377,0.3497216,0.32398254,0.32629585
1,128,30,1306074,0.3497216,0.32398254,0.32629585
1,128,31,1275105,0.3497216,0.32398254,0.32629585
1,128,32,1289593,0.3497216,0.32398254,0.32629585
1,128,33,1349084,0.3497216,0.32398254,0.32629585
1,128,34,1453628,0.3497216,0.32398254,0.32629585
1,128,35,1344193,0.3497216,0.32398254,0.32629585
1,128,36,1306832,0.3497216,0.32398254,0.32629585
1,128,37,1332888,0.3497216,0.32398254,0.32629585
1,128,38,1280258,0.3497216,0.32398254,0.32629585
1,128,39,1258251,0.3497216,0.32398254,0.32629585
1,128,40,1303861,0.3497216,0.32398254,0.32629585
1,128,41,1254189,0.3497216,0.32398254,0.32629585
1,128,42,1267028,0.3497216,0.32398254,0.32629585
1,128,43,1304179,0.3497216,0.32398254,0.32629585
1,128,44,1267044,0.3497216,0.32398254,0.32629585
1,128,45,1269167,0.3497216,0.32398254,0.32629585
1,128,46,1272978,0.3497216,0.32398254,0.32629585
1,128,47,1306066,0.3497216,0.32398254,0.32629585
1,128,48,1259224,0.3497216,0.32398254,0.32629585
1,128,49,1256956,0.3497216,0.32398254,0.32629585
1,128,50,1304636,0.3497216,0.32398254,0.32629585
1,128,51,1256324,0.3497216,0.32398254,0.32629585
1,128,52,1253681,0.3497216,0.32398254,0.32629585
1,128,53,1177796,0.3497216,0.32398254,0.32629585
1,128,54,1164102,0.3497216,0.32398254,0.32629585
1,128,55,1136293,0.3497216,0.32398254,0.32629585
1,128,56,1146916,0.3497216,0.32398254,0.32629585
1,128,57,1247779,0.3497216,0.32398254,0.32629585
1,128,58,1235960,0.3497216,0.32398254,0.32629585
1,128,59,1337349,0.3497216,0.32398254,0.32629585
1,128,60,1299557,0.3497216,0.32398254,0.32629585
1,128,61,1265808,0.3497216,0.32398254,0.32629585
1,128,62,1260663,0.3497216,0.32398254,0.32629585
1,128,63,1307953,0.3497216,0.32398254,0.32629585
1,128,64,1360505,0.3497216,0.32398254,0.32629585
1,128,65,1289459,0.3497216,0.32398254,0.32629585
1,128,66,1350155,0.3497216,0.32398254,0.32629585
1,128,67,1391844,0.3497216,0.32398254,0.32629585
1,128,68,1265157,0.3497216,0.32398254,0.32629585
1,128,69,1369800,0.3497216,0.32398254,0.32629585
1,128,70,1309529,0.3497216,0.32398254,0.32629585
1,128,71,1301194,0.3497216,0.32398254,0.32629585
1,128,72,1303733,0.3497216,0.32398254,0.32629585
1,128,73,1261735,0.3497216,0.32398254,0.32629585
1,128,74,1258711,0.3497216,0.32398254,0.32629585
1,128,75,1248677,0.3497216,0.32398254,0.32629585
1,128,76,1163342,0.3497216,0.32398254,0.32629585
1,128,77,1148393,0.3497216,0.32398254,0.32629585
1,128,78,1257138,0.3497216,0.32398254,0.32629585
1,128,79,1265742,0.3497216,0.32398254,0.32629585
1,128,80,1281508,0.3497216,0.32398254,0.32629585
1,128,81,1282731,0.3497216,0.32398254,0.32629585
1,128,82,1271194,0.3497216,0.32398254,0.32629585
1,128,83,1316558,0.3497216,0.32398254,0.32629585
1,128,84,1401424,0.3497216,0.32398254,0.32629585
1,128,85,1344599,0.3497216,0.32398254,0.32629585
1,128,86,1364736,0.3497216,0.32398254,0.32629585
1,128,87,1359509,0.3497216,0.32398254,0.32629585
1,128,88,1350800,0.3497216,0.32398254,0.32629585
1,128,89,1520178,0.3497216,0.32398254,0.32629585
1,128,90,1364375,0.3497216,0.32398254,0.32629585
1,128,91,1361727,0.3497216,0.32398254,0.32629585
1,128,92,1442516,0.3497216,0.32398254,0.32629585
1,128,93,1424311,0.3497216,0.32398254,0.32629585
1,128,94,1368762,0.3497216,0.32398254,0.32629585
1,128,95,1355850,0.3497216,0.32398254,0.32629585
1,128,96,1423294,0.3497216,0.32398254,0.32629585
1,128,97,1347566,0.3497216,0.32398254,0.32629585
1,128,98,1664767,0.3497216,0.32398254,0.32629585
1,128,99,1514119,0.3497216,0.32398254,0.32629585
7,16,0,174401,0.34904957,0.32450426,0.32644624
7,16,1,177132,0.34904957,0.32450426,0.32644624
7,16,2,173144,0.34904957,0.32450426,0.32644624
7,16,3,211699,0.34904957,0.32450426,0.32644624
7,16,4,173426,0.34904957,0.32450426,0.32644624
7,16,5,173153,0.34904957,0.32450426,0.32644624
7,16,6,173582,0.34904957,0.32450426,0.32644624
7,16,7,173824,0.34904957,0.32450426,0.32644624
7,16,8,189845,0.34904957,0.32450426,0.32644624
7,16,9,178028,0.34904957,0.32450426,0.32644624
7,16,10,173420,0.34904957,0.32450426,0.32644624
7,16,11,173835,0.34904957,0.32450426,0.32644624
7,16,12,173605,0.34904957,0.32450426,0.32644624
7,16,13,173613,0.34904957,0.32450426,0.32644624
7,16,14,191633,0.34904957,0.32450426,0.32644624
7,16,15,173596,0.34904957,0.32450426,0.32644624
7,16,16,173422,0.34904957,0.32450426,0.32644624
7,16,17,173657,0.34904957,0.32450426,0.32644624
7,16,18,173443,0.34904957,0.32450426,0.32644624
7,16,19,173487,0.34904957,0.32450426,0.32644624
7,16,20,191216,0.34904957,0.32450426,0.32644624
7,16,21,173020,0.34904957,0.32450426,0.32644624
7,16,22,173570,0.34904957,0.32450426,0.32644624
7,16,23,173763,0.34904957,0.32450426,0.32644624
7,16,24,174007,0.34904957,0.32450426,0.32644624
7,16,25,210180,0.34904957,0.32450426,0.32644624
7,16,26,173767,0.34904957,0.32450426,0.32644624
7,16,27,173144,0.34904957,0.32450426,0.32644624
7,16,28,173421,0.34904957,0.32450426,0.32644624
7,16,29,173479,0.34904957,0.32450426,0.32644624
7,16,30,173615,0.34904957,0.32450426,0.32644624
7,16,31,196308,0.34904957,0.32450426,0.32644624
7,16,32,173563,0.34904957,0.32450426,0.32644624
7,16,33,173199,0.34904957,0.32450426,0.32644624
7,16,34,173225,0.34904957,0.32450426,0.32644624
7,16,35,173512,0.34904957,0.32450426,0.32644624
7,16,36,191183,0.34904957,0.32450426,0.32644624
7,16,37,174149,0.34904957,0.32450426,0.32644624
7,16,38,173475,0.34904957,0.32450426,0.32644624
7,16,39,172452,0.34904957,0.32450426,0.32644624
7,16,40,173591,0.34904957,0.32450426,0.32644624
7,16,41,172551,0.34904957,0.32450426,0.32644624
7,16,42,187851,0.34904957,0.32450426,0.32644624
7,16,43,174037,0.34904957,0.32450426,0.32644624
7,16,44,173941,0.34904957,0.32450426,0.32644624
7,16,45,173657,0.34904957,0.32450426,0.32644624
7,16,46,172988,0.34904957,0.32450426,0.32644624
7,16,47,174311,0.34904957,0.32450426,0.32644624
7,16,48,214627,0.34904957,0.32450426,0.32644624
7,16,49,173159,0.34904957,0.32450426,0.32644624
7,16,50,172330,0.34904957,0.32450426,0.32644624
7,16,51,173870,0.34904957,0.32450426,0.32644624
7,16,52,172888,0.34904957,0.32450426,0.32644624
7,16,53,191992,0.34904957,0.32450426,0.32644624
7,16,54,172964,0.34904957,0.32450426,0.32644624
7,16,55,174007,0.34904957,0.32450426,0.32644624
7,16,56,176415,0.34904957,0.32450426,0.32644624
7,16,57,173441,0.34904957,0.32450426,0.32644624
7,16,58,173299,0.34904957,0.32450426,0.32644624
7,16,59,191027,0.34904957,0.32450426,0.32644624
7,16,60,173928,0.34904957,0.32450426,0.32644624
7,16,61,173741,0.34904957,0.32450426,0.32644624
7,16,62,174026,0.34904957,0.32450426,0.32644624
7,16,63,174032,0.34904957,0.32450426,0.32644624
7,16,64,188881,0.34904957,0.32450426,0.32644624
7,16,65,173810,0.34904957,0.32450426,0.32644624
7,16,66,173588,0.34904957,0.32450426,0.32644624
7,16,67,173238,0.34904957,0.32450426,0.32644624
7,16,68,173339,0.34904957,0.32450426,0.32644624
7,16,69,173355,0.34904957,0.32450426,0.32644624
7,16,70,212147,0.34904957,0.32450426,0.32644624
7,16,71,174657,0.34904957,0.32450426,0.32644624
7,16,72,173042,0.34904957,0.32450426,0.32644624
7,16,73,172948,0.34904957,0.32450426,0.32644624
7,16,74,173807,0.34904957,0.32450426,0.32644624
7,16,75,191460,0.34904957,0.32450426,0.32644624
7,16,76,173852,0.34904957,0.32450426,0.32644624
7,16,77,173490,0.34904957,0.32450426,0.32644624
7,16,78,172835,0.34904957,0.32450426,0.32644624
7,16,79,173821,0.34904957,0.32450426,0.32644624
7,16,80,173646,0.34904957,0.32450426,0.32644624
7,16,81,190126,0.34904957,0.32450426,0.32644624
7,16,82,173700,0.34904957,0.32450426,0.32644624
7,16,83,173152,0.34904957,0.32450426,0.32644624
7,16,84,173935,0.34904957,0.32450426,0.32644624
7,16,85,173640,0.34904957,0.32450426,0.32644624
7,16,86,172849,0.34904957,0.32450426,0.32644624
7,16,87,190172,0.34904957,0.32450426,0.32644624
7,16,88,173836,0.34904957,0.32450426,0.32644624
7,16,89,173659,0.34904957,0.32450426,0.32644624
7,16,90,173678,0.34904957,0.32450426,0.32644624
7,16,91,173836,0.34904957,0.32450426,0.32644624
7,16,92,190855,0.34904957,0.32450426,0.32644624
7,16,93,191059,0.34904957,0.32450426,0.32644624
7,16,94,172552,0.34904957,0.32450426,0.32644624
7,16,95,172704,0.34904957,0.32450426,0.32644624
7,16,96,173928,0.34904957,0.32450426,0.32644624
7,16,97,171806,0.34904957,0.32450426,0.32644624
7,16,98,190589,0.34904957,0.32450426,0.32644624
7,16,99,174138,0.34904957,0.32450426,0.32644624
7,64,0,735423,0.3478336,0.32347757,0.3286888
7,64,1,685068,0.3478336,0.32347757,0.3286888
7,64,2,672227,0.3478336,0.32347757,0.3286888
7,64,3,687048,0.3478336,0.32347757,0.3286888
7,64,4,711410,0.3478336,0.32347757,0.3286888
7,64,5,674408,0.3478336,0.32347757,0.3286888
7,64,6,691569,0.3478336,0.32347757,0.3286888
7,64,7,693208,0.3478336,0.32347757,0.3286888
7,64,8,680313,0.3478336,0.32347757,0.3286888
7,64,9,691773,0.3478336,0.32347757,0.3286888
7,64,10,709173,0.3478336,0.32347757,0.3286888
7,64,11,691487,0.3478336,0.32347757,0.3286888
7,64,12,676851,0.3478336,0.32347757,0.3286888
7,64,13,692082,0.3478336,0.32347757,0.3286888
7,64,14,690266,0.3478336,0.32347757,0.3286888
7,64,15,679420,0.3478336,0.32347757,0.3286888
7,64,16,710886,0.3478336,0.32347757,0.3286888
7,64,17,696341,0.3478336,0.32347757,0.3286888
7,64,18,671674,0.3478336,0.32347757,0.3286888
7,64,19,690259,0.3478336,0.32347757,0.3286888
7,64,20,689757,0.3478336,0.32347757,0.3286888
7,64,21,673843,0.3478336,0.32347757,0.3286888
7,64,22,710607,0.3478336,0.32347757,0.3286888
7,64,23,693229,0.3478336,0.32347757,0.3286888
7,64,24,689700,0.3478336,0.32347757,0.3286888
7,64,25,676038,0.3478336,0.32347757,0.3286888
7,64,26,690207,0.3478336,0.32347757,0.3286888
7,64,27,712170,0.3478336,0.32347757,0.3286888
7,64,28,729951,0.3478336,0.32347757,0.3286888
7,64,29,690953,0.3478336,0.32347757,0.3286888
7,64,30,692448,0.3478336,0.32347757,0.3286888
7,64,31,843812,0.3478336,0.32347757,0.3286888
7,64,32,674247,0.3478336,0.32347757,0.3286888
7,64,33,712893,0.3478336,0.32347757,0.3286888
7,64,34,740226,0.3478336,0.32347757,0.3286888
7,64,35,674945,0.3478336,0.32347757,0.3286888
7,64,36,690079,0.3478336,0.32347757,0.3286888
7,64,37,696874,0.3478336,0.32347757,0.3286888
7,64,38,688985,0.3478336,0.32347757,0.3286888
7,64,39,729173,0.3478336,0.32347757,0.3286888
7,64,40,1885973,0.3478336,0.32347757,0.3286888
7,64,41,696763,0.3478336,0.32347757,0.3286888
7,64,42,688744,0.3478336,0.32347757,0.3286888
7,64,43,720672,0.3478336,0.32347757,0.3286888
7,64,44,713243,0.3478336,0.32347757,0.3286888
7,64,45,727320,0.3478336,0.32347757,0.3286888
7,64,46,669524,0.3478336,0.32347757,0.3286888
7,64,47,692270,0.3478336,0.32347757,0.3286888
7,64,48,705306,0.3478336,0.32347757,0.3286888
7,64,49,672785,0.3478336,0.32347757,0.3286888
7,64,50,694650,0.3478336,0.32347757,0.3286888
7,64,51,689523,0.3478336,0.32347757,0.3286888
7,64,52,678966,0.3478336,0.32347757,0.3286888
7,64,53,674821,0.3478336,0.32347757,0.3286888
7,64,54,709847,0.3478336,0.32347757,0.3286888
7,64,55,687987,0.3478336,0.32347757,0.3286888
7,64,56,674692,0.3478336,0.32347757,0.3286888
7,64,57,692443,0.3478336,0.32347757,0.3286888
7,64,58,797780,0.3478336,0.32347757,0.3286888
7,64,59,674782,0.3478336,0.32347757,0.3286888
7,64,60,722672,0.3478336,0.32347757,0.3286888
7,64,61,764709,0.3478336,0.32347757,0.3286888
7,64,62,690978,0.3478336,0.32347757,0.3286888
7,64,63,671060,0.3478336,0.32347757,0.3286888
7,64,64,688828,0.3478336,0.32347757,0.3286888
7,64,65,709327,0.3478336,0.32347757,0.3286888
7,64,66,674075,0.3478336,0.32347757,0.3286888
7,64,67,679610,0.3478336,0.32347757,0.3286888
7,64,68,689095,0.3478336,0.32347757,0.3286888
7,64,69,811261,0.3478336,0.32347757,0.3286888
7,64,70,675735,0.3478336,0.32347757,0.3286888
7,64,71,704605,0.3478336,0.32347757,0.3286888
7,64,72,689466,0.3478336,0.32347757,0.3286888
7,64,73,675370,0.3478336,0.32347757,0.3286888
7,64,74,691932,0.3478336,0.32347757,0.3286888
7,64,75,820804,0.3478336,0.32347757,0.3286888
7,64,76,695102,0.3478336,0.32347757,0.3286888
7,64,77,690631,0.3478336,0.32347757,0.3286888
7,64,78,692313,0.3478336,0.32347757,0.3286888
7,64,79,688416,0.3478336,0.32347757,0.3286888
7,64,80,674188,0.3478336,0.32347757,0.3286888
7,64,81,688607,0.3478336,0.32347757,0.3286888
7,64,82,718665,0.3478336,0.32347757,0.3286888
7,64,83,674065,0.3478336,0.32347757,0.3286888
7,64,84,759958,0.3478336,0.32347757,0.3286888
7,64,85,701972,0.3478336,0.32347757,0.3286888
7,64,86,689894,0.3478336,0.32347757,0.3286888
7,64,87,676115,0.3478336,0.32347757,0.3286888
7,64,88,706609,0.3478336,0.32347757,0.3286888
7,64,89,689511,0.3478336,0.32347757,0.3286888
7,64,90,674761,0.3478336,0.32347757,0.3286888
7,64,91,691175,0.3478336,0.32347757,0.3286888
7,64,92,693528,0.3478336,0.32347757,0.3286888
7,64,93,675750,0.3478336,0.32347757,0.3286888
7,64,94,709038,0.3478336,0.32347757,0.3286888
7,64,95,932316,0.3478336,0.32347757,0.3286888
7,64,96,713255,0.3478336,0.32347757,0.3286888
7,64,97,674918,0.3478336,0.32347757,0.3286888
7,64,98,695204,0.3478336,0.32347757,0.3286888
7,64,99,747258,0.3478336,0.32347757,0.3286888
7,128,0,1588202,0.34835386,0.32174394,0.32990223
7,128,1,1525484,0.34835386,0.32174394,0.32990223
7,128,2,1425021,0.34835386,0.32174394,0.32990223
7,128,3,1327634,0.34835386,0.32174394,0.32990223
7,128,4,1303335,0.34835386,0.32174394,0.32990223
7,128,5,1407934,0.34835386,0.32174394,0.32990223
7,128,6,1357926,0.34835386,0.32174394,0.32990223
7,128,7,1537875,0.34835386,0.32174394,0.32990223
7,128,8,1391758,0.34835386,0.32174394,0.32990223
7,128,9,1408947,0.34835386,0.32174394,0.32990223
7,128,10,1311070,0.34835386,0.32174394,0.32990223
7,128,11,1387926,0.34835386,0.32174394,0.32990223
7,128,12,1372501,0.34835386,0.32174394,0.32990223
7,128,13,1355003,0.34835386,0.32174394,0.32990223
7,128,14,1398852,0.34835386,0.32174394,0.32990223
7,128,15,1372694,0.34835386,0.32174394,0.32990223
7,128,16,1358802,0.34835386,0.32174394,0.32990223
7,128,17,1406669,0.34835386,0.32174394,0.32990223
7,128,18,1358163,0.34835386,0.32174394,0.32990223
7,128,19,1341700,0.34835386,0.32174394,0.32990223
7,128,20,1410460,0.34835386,0.32174394,0.32990223
7,128,21,1304494,0.34835386,0.32174394,0.32990223
7,128,22,1320128,0.34835386,0.32174394,0.32990223
7,128,23,1382380,0.34835386,0.32174394,0.32990223
7,128,24,1420206,0.34835386,0.32174394,0.32990223
7,128,25,1354972,0.34835386,0.32174394,0.32990223
7,128,26,1494483,0.34835386,0.32174394,0.32990223
7,128,27,1350799,0.34835386,0.32174394,0.32990223
7,128,28,1419282,0.34835386,0.32174394,0.32990223
7,128,29,1368145,0.34835386,0.32174394,0.32990223
7,128,30,1520390,0.34835386,0.32174394,0.32990223
7,128,31,1388381,0.34835386,0.32174394,0.32990223
7,128,32,1593632,0.34835386,0.32174394,0.32990223
7,128,33,1346462,0.34835386,0.32174394,0.32990223
7,128,34,1472080,0.34835386,0.32174394,0.32990223
7,128,35,1373823,0.34835386,0.32174394,0.32990223
7,128,36,1343242,0.34835386,0.32174394,0.32990223
7,128,37,1484761,0.34835386,0.32174394,0.32990223
7,128,38,1367178,0.34835386,0.32174394,0.32990223
7,128,39,1340200,0.34835386,0.32174394,0.32990223
7,128,40,1540620,0.34835386,0.32174394,0.32990223
7,128,41,1367619,0.34835386,0.32174394,0.32990223
7,128,42,1420457,0.34835386,0.32174394,0.32990223
7,128,43,1407908,0.34835386,0.32174394,0.32990223
7,128,44,1348721,0.34835386,0.32174394,0.32990223
7,128,45,1386355,0.34835386,0.32174394,0.32990223
7,128,46,1359254,0.34835386,0.32174394,0.32990223
7,128,47,1363171,0.34835386,0.32174394,0.32990223
7,128,48,1379446,0.34835386,0.32174394,0.32990223
7,128,49,1370269,0.34835386,0.32174394,0.32990223
7,128,50,1517263,0.34835386,0.32174394,0.32990223
7,128,51,1448179,0.34835386,0.32174394,0.32990223
7,128,52,1384681,0.34835386,0.32174394,0.32990223
7,128,53,1428173,0.34835386,0.32174394,0.32990223
7,128,54,1385519,0.34835386,0.32174394,0.32990223
7,128,55,1356844,0.34835386,0.32174394,0.32990223
7,128,56,1431582,0.34835386,0.32174394,0.32990223
7,128,57,1389124,0.34835386,0.32174394,0.32990223
7,128,58,1357317,0.34835386,0.32174394,0.32990223
7,128,59,1351918,0.34835386,0.32174394,0.32990223
7,128,60,1402292,0.34835386,0.32174394,0.32990223
7,128,61,1359335,0.34835386,0.32174394,0.32990223
7,128,62,1376359,0.34835386,0.32174394,0.32990223
7,128,63,1378038,0.34835386,0.32174394,0.32990223
7,128,64,1432318,0.34835386,0.32174394,0.32990223
7,128,65,1414994,0.34835386,0.32174394,0.32990223
7,128,66,1413852,0.34835386,0.32174394,0.32990223
7,128,67,1377507,0.34835386,0.32174394,0.32990223
7,128,68,1382042,0.34835386,0.32174394,0.32990223
7,128,69,1352826,0.34835386,0.32174394,0.32990223
7,128,70,1371482,0.34835386,0.32174394,0.32990223
7,128,71,1360461,0.34835386,0.32174394,0.32990223
7,128,72,1353694,0.34835386,0.32174394,0.32990223
7,128,73,1369527,0.34835386,0.32174394,0.32990223
7,128,74,1573503,0.34835386,0.32174394,0.32990223
7,128,75,1433568,0.34835386,0.32174394,0.32990223
7,128,76,1444354,0.34835386,0.32174394,0.32990223
7,128,77,1392638,0.34835386,0.32174394,0.32990223
7,128,78,1410846,0.34835386,0.32174394,0.32990223
7,128,79,1353599,0.34835386,0.32174394,0.32990223
7,128,80,1390102,0.34835386,0.32174394,0.32990223
7,128,81,1359047,0.34835386,0.32174394,0.32990223
7,128,82,1374807,0.34835386,0.32174394,0.32990223
7,128,83,1369421,0.34835386,0.32174394,0.32990223
7,128,84,1362979,0.34835386,0.32174394,0.32990223
7,128,85,1384612,0.34835386,0.32174394,0.32990223
7,128,86,1361310,0.34835386,0.32174394,0.32990223
7,128,87,1385190,0.34835386,0.32174394,0.32990223
7,128,88,1402022,0.34835386,0.32174394,0.32990223
7,128,89,1357545,0.34835386,0.32174394,0.32990223
7,128,90,1377269,0.34835386,0.32174394,0.32990223
7,128,91,1378836,0.34835386,0.32174394,0.32990223
7,128,92,1359237,0.34835386,0.32174394,0.32990223
7,128,93,1452335,0.34835386,0.32174394,0.32990223
7,128,94,1420273,0.34835386,0.32174394,0.32990223
7,128,95,1378677,0.34835386,0.32174394,0.32990223
7,128,96,1643723,0.34835386,0.32174394,0.32990223
7,128,97,1447584,0.34835386,0.32174394,0.32990223
7,128,98,1359041,0.34835386,0.32174394,0.32990223
7,128,99,1350920,0.34835386,0.32174394,0.32990223
42,16,0,170764,0.34656662,0.32376018,0.32967323
42,16,1,192267,0.34656662,0.32376018,0.32967323
42,16,2,174143,0.34656662,0.32376018,0.32967323
42,16,3,178804,0.34656662,0.32376018,0.32967323
42,16,4,172707,0.34656662,0.32376018,0.32967323
42,16,5,173254,0.34656662,0.32376018,0.32967323
42,16,6,190358,0.34656662,0.32376018,0.32967323
42,16,7,173565,0.34656662,0.32376018,0.32967323
42,16,8,174014,0.34656662,0.32376018,0.32967323
42,16,9,173944,0.34656662,0.32376018,0.32967323
42,16,10,173820,0.34656662,0.32376018,0.32967323
42,16,11,173774,0.34656662,0.32376018,0.32967323
42,16,12,212934,0.34656662,0.32376018,0.32967323
42,16,13,174147,0.34656662,0.32376018,0.32967323
42,16,14,173856,0.34656662,0.32376018,0.32967323
42,16,15,174049,0.34656662,0.32376018,0.32967323
42,16,16,173880,0.34656662,0.32376018,0.32967323
42,16,17,192036,0.34656662,0.32376018,0.32967323
42,16,18,173469,0.34656662,0.32376018,0.32967323
42,16,19,172854,0.34656662,0.32376018,0.32967323
42,16,20,173113,0.34656662,0.32376018,0.32967323
42,16,21,173075,0.34656662,0.32376018,0.32967323
42,16,22,174407,0.34656662,0.32376018,0.32967323
42,16,23,190883,0.34656662,0.32376018,0.32967323
42,16,24,170597,0.34656662,0.32376018,0.32967323
42,16,25,174252,0.34656662,0.32376018,0.32967323
42,16,26,172643,0.34656662,0.32376018,0.32967323
42,16,27,172988,0.34656662,0.32376018,0.32967323
42,16,28,172989,0.34656662,0.32376018,0.32967323
42,16,29,191274,0.34656662,0.32376018,0.32967323
42,16,30,172070,0.34656662,0.32376018,0.32967323
42,16,31,177666,0.34656662,0.32376018,0.32967323
42,16,32,177272,0.34656662,0.32376018,0.32967323
42,16,33,172839,0.34656662,0.32376018,0.32967323
42,16,34,190930,0.34656662,0.32376018,0.32967323
42,16,35,201123,0.34656662,0.32376018,0.32967323
42,16,36,173202,0.34656662,0.32376018,0.32967323
42,16,37,174137,0.34656662,0.32376018,0.32967323
42,16,38,174063,0.34656662,0.32376018,0.32967323
42,16,39,174126,0.34656662,0.32376018,0.32967323
42,16,40,202191,0.34656662,0.32376018,0.32967323
42,16,41,173468,0.34656662,0.32376018,0.32967323
42,16,42,173085,0.34656662,0.32376018,0.32967323
42,16,43,173287,0.34656662,0.32376018,0.32967323
42,16,44,174076,0.34656662,0.32376018,0.32967323
42,16,45,191298,0.34656662,0.32376018,0.32967323
42,16,46,174268,0.34656662,0.32376018,0.32967323
42,16,47,174113,0.34656662,0.32376018,0.32967323
42,16,48,173897,0.34656662,0.32376018,0.32967323
42,16,49,174180,0.34656662,0.32376018,0.32967323
42,16,50,172998,0.34656662,0.32376018,0.32967323
42,16,51,190300,0.34656662,0.32376018,0.32967323
42,16,52,170413,0.34656662,0.32376018,0.32967323
42,16,53,172969,0.34656662,0.32376018,0.32967323
42,16,54,177549,0.34656662,0.32376018,0.32967323
42,16,55,174185,0.34656662,0.32376018,0.32967323
42,16,56,174043,0.34656662,0.32376018,0.32967323
42,16,57,209770,0.34656662,0.32376018,0.32967323
42,16,58,173265,0.34656662,0.32376018,0.32967323
42,16,59,177401,0.34656662,0.32376018,0.32967323
42,16,60,172989,0.34656662,0.32376018,0.32967323
42,16,61,174177,0.34656662,0.32376018,0.32967323
42,16,62,194799,0.34656662,0.32376018,0.32967323
42,16,63,172133,0.34656662,0.32376018,0.32967323
42,16,64,173169,0.34656662,0.32376018,0.32967323
42,16,65,173969,0.34656662,0.32376018,0.32967323
42,16,66,173992,0.34656662,0.32376018,0.32967323
42,16,67,174246,0.34656662,0.32376018,0.32967323
42,16,68,189322,0.34656662,0.32376018,0.32967323
42,16,69,173559,0.34656662,0.32376018,0.32967323
42,16,70,173103,0.34656662,0.32376018,0.32967323
42,16,71,173974,0.34656662,0.32376018,0.32967323
42,16,72,174207,0.34656662,0.32376018,0.32967323
42,16,73,191878,0.34656662,0.32376018,0.32967323
42,16,74,170614,0.34656662,0.32376018,0.32967323
42,16,75,173088,0.34656662,0.32376018,0.32967323
42,16,76,173056,0.34656662,0.32376018,0.32967323
42,16,77,173013,0.34656662,0.32376018,0.32967323
42,16,78,173985,0.34656662,0.32376018,0.32967323
42,16,79,210500,0.34656662,0.32376018,0.32967323
42,16,80,172359,0.34656662,0.32376018,0.32967323
42,16,81,173784,0.34656662,0.32376018,0.32967323
42,16,82,171924,0.34656662,0.32376018,0.32967323
42,16,83,171781,0.34656662,0.32376018,0.32967323
42,16,84,192547,0.34656662,0.32376018,0.32967323
42,16,85,174462,0.34656662,0.32376018,0.32967323
42,16,86,173918,0.34656662,0.32376018,0.32967323
42,16,87,171680,0.34656662,0.32376018,0.32967323
42,16,88,176867,0.34656662,0.32376018,0.32967323
42,16,89,170192,0.34656662,0.32376018,0.32967323
42,16,90,191076,0.34656662,0.32376018,0.32967323
42,16,91,170433,0.34656662,0.32376018,0.32967323
42,16,92,173148,0.34656662,0.32376018,0.32967323
42,16,93,173366,0.34656662,0.32376018,0.32967323
42,16,94,173057,0.34656662,0.32376018,0.32967323
42,16,95,172986,0.34656662,0.32376018,0.32967323
42,16,96,326583,0.34656662,0.32376018,0.32967323
42,16,97,170727,0.34656662,0.32376018,0.32967323
42,16,98,173557,0.34656662,0.32376018,0.32967323
42,16,99,173573,0.34656662,0.32376018,0.32967323
42,64,0,712264,0.3476542,0.32386094,0.32848486
42,64,1,659127,0.3476542,0.32386094,0.32848486
42,64,2,688165,0.3476542,0.32386094,0.32848486
42,64,3,678467,0.3476542,0.32386094,0.32848486
42,64,4,672383,0.3476542,0.32386094,0.32848486
42,64,5,688759,0.3476542,0.32386094,0.32848486
42,64,6,709636,0.3476542,0.32386094,0.32848486
42,64,7,674427,0.3476542,0.32386094,0.32848486
42,64,8,685934,0.3476542,0.32386094,0.32848486
42,64,9,688919,0.3476542,0.32386094,0.32848486
42,64,10,671517,0.3476542,0.32386094,0.32848486
42,64,11,696516,0.3476542,0.32386094,0.32848486
42,64,12,705021,0.3476542,0.32386094,0.32848486
42,64,13,689410,0.3476542,0.32386094,0.32848486
42,64,14,672619,0.3476542,0.32386094,0.32848486
42,64,15,688409,0.3476542,0.32386094,0.32848486
42,64,16,689465,0.3476542,0.32386094,0.32848486
42,64,17,673754,0.3476542,0.32386094,0.32848486
42,64,18,703799,0.3476542,0.32386094,0.32848486
42,64,19,695103,0.3476542,0.32386094,0.32848486
42,64,20,674029,0.3476542,0.32386094,0.32848486
42,64,21,688279,0.3476542,0.32386094,0.32848486
42,64,22,691205,0.3476542,0.32386094,0.32848486
42,64,23,675503,0.3476542,0.32386094,0.32848486
42,64,24,698548,0.3476542,0.32386094,0.32848486
42,64,25,698072,0.3476542,0.32386094,0.32848486
42,64,26,670558,0.3476542,0.32386094,0.32848486
42,64,27,689900,0.3476542,0.32386094,0.32848486
42,64,28,690344,0.3476542,0.32386094,0.32848486
42,64,29,693835,0.3476542,0.32386094,0.32848486
42,64,30,695769,0.3476542,0.32386094,0.32848486
42,64,31,687857,0.3476542,0.32386094,0.32848486
42,64,32,687269,0.3476542,0.32386094,0.32848486
42,64,33,675441,0.3476542,0.32386094,0.32848486
42,64,34,692283,0.3476542,0.32386094,0.32848486
42,64,35,686676,0.3476542,0.32386094,0.32848486
42,64,36,652916,0.3476542,0.32386094,0.32848486
42,64,37,667653,0.3476542,0.32386094,0.32848486
42,64,38,669289,0.3476542,0.32386094,0.32848486
42,64,39,646810,0.3476542,0.32386094,0.32848486
42,64,40,650132,0.3476542,0.32386094,0.32848486
42,64,41,665777,0.3476542,0.32386094,0.32848486
42,64,42,632697,0.3476542,0.32386094,0.32848486
42,64,43,657708,0.3476542,0.32386094,0.32848486
42,64,44,666662,0.3476542,0.32386094,0.32848486
42,64,45,640227,0.3476542,0.32386094,0.32848486
42,64,46,648909,0.3476542,0.32386094,0.32848486
42,64,47,644969,0.3476542,0.32386094,0.32848486
42,64,48,646158,0.3476542,0.32386094,0.32848486
42,64,49,647441,0.3476542,0.32386094,0.32848486
42,64,50,658548,0.3476542,0.32386094,0.32848486
42,64,51,687723,0.3476542,0.32386094,0.32848486
42,64,52,692099,0.3476542,0.32386094,0.32848486
42,64,53,709725,0.3476542,0.32386094,0.32848486
42,64,54,672770,0.3476542,0.32386094,0.32848486
42,64,55,663879,0.3476542,0.32386094,0.32848486
42,64,56,666317,0.3476542,0.32386094,0.32848486
42,64,57,665431,0.3476542,0.32386094,0.32848486
42,64,58,874751,0.3476542,0.32386094,0.32848486
42,64,59,720389,0.3476542,0.32386094,0.32848486
42,64,60,694864,0.3476542,0.32386094,0.32848486
42,64,61,674012,0.3476542,0.32386094,0.32848486
42,64,62,691860,0.3476542,0.32386094,0.32848486
42,64,63,687931,0.3476542,0.32386094,0.32848486
42,64,64,676909,0.3476542,0.32386094,0.32848486
42,64,65,707734,0.3476542,0.32386094,0.32848486
42,64,66,688272,0.3476542,0.32386094,0.32848486
42,64,67,670853,0.3476542,0.32386094,0.32848486
42,64,68,666119,0.3476542,0.32386094,0.32848486
42,64,69,661553,0.3476542,0.32386094,0.32848486
42,64,70,632555,0.3476542,0.32386094,0.32848486
42,64,71,661262,0.3476542,0.32386094,0.32848486
42,64,72,656489,0.3476542,0.32386094,0.32848486
42,64,73,659856,0.3476542,0.32386094,0.32848486
42,64,74,684238,0.3476542,0.32386094,0.32848486
42,64,75,672990,0.3476542,0.32386094,0.32848486
42,64,76,673320,0.3476542,0.32386094,0.32848486
42,64,77,705135,0.3476542,0.32386094,0.32848486
42,64,78,757562,0.3476542,0.32386094,0.32848486
42,64,79,696244,0.3476542,0.32386094,0.32848486
42,64,80,676869,0.3476542,0.32386094,0.32848486
42,64,81,689501,0.3476542,0.32386094,0.32848486
42,64,82,721246,0.3476542,0.32386094,0.32848486
42,64,83,670413,0.3476542,0.32386094,0.32848486
42,64,84,693235,0.3476542,0.32386094,0.32848486
42,64,85,686493,0.3476542,0.32386094,0.32848486
42,64,86,670576,0.3476542,0.32386094,0.32848486
42,64,87,781765,0.3476542,0.32386094,0.32848486
42,64,88,717745,0.3476542,0.32386094,0.32848486
42,64,89,649813,0.3476542,0.32386094,0.32848486
42,64,90,656717,0.3476542,0.32386094,0.32848486
42,64,91,647508,0.3476542,0.32386094,0.32848486
42,64,92,620036,0.3476542,0.32386094,0.32848486
42,64,93,647970,0.3476542,0.32386094,0.32848486
42,64,94,675225,0.3476542,0.32386094,0.32848486
42,64,95,699117,0.3476542,0.32386094,0.32848486
42,64,96,691478,0.3476542,0.32386094,0.32848486
42,64,97,687725,0.3476542,0.32386094,0.32848486
42,64,98,661484,0.3476542,0.32386094,0.32848486
42,64,99,831108,0.3476542,0.32386094,0.32848486
42,128,0,1511589,0.34721008,0.32403195,0.32875797
42,128,1,1485259,0.34721008,0.32403195,0.32875797
42,128,2,1365877,0.34721008,0.32403195,0.32875797
42,128,3,1398166,0.34721008,0.32403195,0.32875797
42,128,4,1401339,0.34721008,0.32403195,0.32875797
42,128,5,1348641,0.34721008,0.32403195,0.32875797
42,128,6,1397548,0.34721008,0.32403195,0.32875797
42,128,7,1351754,0.34721008,0.32403195,0.32875797
42,128,8,1329239,0.34721008,0.32403195,0.32875797
42,128,9,1348488,0.34721008,0.32403195,0.32875797
42,128,10,1315694,0.34721008,0.32403195,0.32875797
42,128,11,1315271,0.34721008,0.32403195,0.32875797
42,128,12,1356704,0.34721008,0.32403195,0.32875797
42,128,13,1412035,0.34721008,0.32403195,0.32875797
42,128,14,1719996,0.34721008,0.32403195,0.32875797
42,128,15,1396015,0.34721008,0.32403195,0.32875797
42,128,16,1455073,0.34721008,0.32403195,0.32875797
42,128,17,1379961,0.34721008,0.32403195,0.32875797
42,128,18,1353786,0.34721008,0.32403195,0.32875797
42,128,19,1377025,0.34721008,0.32403195,0.32875797
42,128,20,1441835,0.34721008,0.32403195,0.32875797
42,128,21,1380677,0.34721008,0.32403195,0.32875797
42,128,22,1353331,0.34721008,0.32403195,0.32875797
42,128,23,1421017,0.34721008,0.32403195,0.32875797
42,128,24,1378926,0.34721008,0.32403195,0.32875797
42,128,25,1460291,0.34721008,0.32403195,0.32875797
42,128,26,1465613,0.34721008,0.32403195,0.32875797
42,128,27,1367097,0.34721008,0.32403195,0.32875797
42,128,28,1355615,0.34721008,0.32403195,0.32875797
42,128,29,1397449,0.34721008,0.32403195,0.32875797
42,128,30,1361184,0.34721008,0.32403195,0.32875797
42,128,31,1393409,0.34721008,0.32403195,0.32875797
42,128,32,1355414,0.34721008,0.32403195,0.32875797
42,128,33,1438884,0.34721008,0.32403195,0.32875797
42,128,34,1421275,0.34721008,0.32403195,0.32875797
42,128,35,1284735,0.34721008,0.32403195,0.32875797
42,128,36,1460453,0.34721008,0.32403195,0.32875797
42,128,37,1456666,0.34721008,0.32403195,0.32875797
42,128,38,3262533,0.34721008,0.32403195,0.32875797
42,128,39,5758979,0.34721008,0.32403195,0.32875797
42,128,40,1288098,0.34721008,0.32403195,0.32875797
42,128,41,2591274,0.34721008,0.32403195,0.32875797
42,128,42,1699035,0.34721008,0.32403195,0.32875797
42,128,43,4583950,0.34721008,0.32403195,0.32875797
42,128,44,3116860,0.34721008,0.32403195,0.32875797
42,128,45,2020119,0.34721008,0.32403195,0.32875797
42,128,46,1580341,0.34721008,0.32403195,0.32875797
42,128,47,1295436,0.34721008,0.32403195,0.32875797
42,128,48,2235931,0.34721008,0.32403195,0.32875797
42,128,49,1295740,0.34721008,0.32403195,0.32875797
42,128,50,1370431,0.34721008,0.32403195,0.32875797
42,128,51,1359954,0.34721008,0.32403195,0.32875797
42,128,52,1276304,0.34721008,0.32403195,0.32875797
42,128,53,1359816,0.34721008,0.32403195,0.32875797
42,128,54,1383387,0.34721008,0.32403195,0.32875797
42,128,55,1757425,0.34721008,0.32403195,0.32875797
42,128,56,2330056,0.34721008,0.32403195,0.32875797
42,128,57,3169058,0.34721008,0.32403195,0.32875797
42,128,58,2765024,0.34721008,0.32403195,0.32875797
42,128,59,2005568,0.34721008,0.32403195,0.32875797
42,128,60,2832396,0.34721008,0.32403195,0.32875797
42,128,61,2785027,0.34721008,0.32403195,0.32875797
42,128,62,2292993,0.34721008,0.32403195,0.32875797
42,128,63,2699828,0.34721008,0.32403195,0.32875797
42,128,64,1620943,0.34721008,0.32403195,0.32875797
42,128,65,2854760,0.34721008,0.32403195,0.32875797
42,128,66,2998997,0.34721008,0.32403195,0.32875797
42,128,67,2888838,0.34721008,0.32403195,0.32875797
42,128,68,2918838,0.34721008,0.32403195,0.32875797
42,128,69,2865614,0.34721008,0.32403195,0.32875797
42,128,70,2729706,0.34721008,0.32403195,0.32875797
42,128,71,2484973,0.34721008,0.32403195,0.32875797
42,128,72,2953390,0.34721008,0.32403195,0.32875797
42,128,73,2370577,0.34721008,0.32403195,0.32875797
42,128,74,2839762,0.34721008,0.32403195,0.32875797
42,128,75,1899552,0.34721008,0.32403195,0.32875797
42,128,76,3237316,0.34721008,0.32403195,0.32875797
42,128,77,1916172,0.34721008,0.32403195,0.32875797
42,128,78,2771798,0.34721008,0.32403195,0.32875797
42,128,79,2742059,0.34721008,0.32403195,0.32875797
42,128,80,2607844,0.34721008,0.32403195,0.32875797
42,128,81,2765212,0.34721008,0.32403195,0.32875797
42,128,82,2747760,0.34721008,0.32403195,0.32875797
42,128,83,2722195,0.34721008,0.32403195,0.32875797
42,128,84,2697082,0.34721008,0.32403195,0.32875797
42,128,85,2743034,0.34721008,0.32403195,0.32875797
42,128,86,2747593,0.34721008,0.32403195,0.32875797
42,128,87,2732365,0.34721008,0.32403195,0.32875797
42,128,88,2434570,0.34721008,0.32403195,0.32875797
42,128,89,1400351,0.34721008,0.32403195,0.32875797
42,128,90,1397550,0.34721008,0.32403195,0.32875797
42,128,91,1375423,0.34721008,0.32403195,0.32875797
42,128,92,2038330,0.34721008,0.32403195,0.32875797
42,128,93,1356398,0.34721008,0.32403195,0.32875797
42,128,94,1478656,0.34721008,0.32403195,0.32875797
42,128,95,1366818,0.34721008,0.32403195,0.32875797
42,128,96,1448576,0.34721008,0.32403195,0.32875797
42,128,97,1595345,0.34721008,0.32403195,0.32875797
42,128,98,1472055,0.34721008,0.32403195,0.32875797
42,128,99,1311140,0.34721008,0.32403195,0.32875797
